<application>
  <component name="libraryTable">
    <library name="Python 2.7 interpreter library">
      <CLASSES />
      <JAVADOC />
      <SOURCES />
    </library>
    <library name="Python 3.7 interpreter library">
      <CLASSES>
        <root url="file:///usr/local/Cellar/python@3.7/3.7.9_2/Frameworks/Python.framework/Versions/3.7/lib/python3.7" />
        <root url="file:///usr/local/Cellar/python@3.7/3.7.9_2/Frameworks/Python.framework/Versions/3.7/lib/python3.7/lib-dynload" />
        <root url="file:///usr/local/lib/python3.7/site-packages" />
        <root url="file://$USER_HOME$/Library/Caches/IntelliJIdea2019.1/python_stubs/-303696597" />
        <root url="file://$APPLICATION_PLUGINS_DIR$/python/helpers/python-skeletons" />
        <root url="file://$APPLICATION_PLUGINS_DIR$/python/helpers/typeshed/stdlib/3" />
        <root url="file://$APPLICATION_PLUGINS_DIR$/python/helpers/typeshed/stdlib/2and3" />
        <root url="file://$APPLICATION_PLUGINS_DIR$/python/helpers/typeshed/third_party/3" />
        <root url="file://$APPLICATION_PLUGINS_DIR$/python/helpers/typeshed/third_party/2and3" />
      </CLASSES>
      <JAVADOC />
      <SOURCES>
        <root url="file:///usr/local/Cellar/python@3.7/3.7.9_2/Frameworks/Python.framework/Versions/3.7/lib/python3.7" />
        <root url="file:///usr/local/Cellar/python@3.7/3.7.9_2/Frameworks/Python.framework/Versions/3.7/lib/python3.7/lib-dynload" />
        <root url="file:///usr/local/lib/python3.7/site-packages" />
        <root url="file://$USER_HOME$/Library/Caches/IntelliJIdea2019.1/python_stubs/-303696597" />
        <root url="file://$APPLICATION_PLUGINS_DIR$/python/helpers/python-skeletons" />
        <root url="file://$APPLICATION_PLUGINS_DIR$/python/helpers/typeshed/stdlib/3" />
        <root url="file://$APPLICATION_PLUGINS_DIR$/python/helpers/typeshed/stdlib/2and3" />
        <root url="file://$APPLICATION_PLUGINS_DIR$/python/helpers/typeshed/third_party/3" />
        <root url="file://$APPLICATION_PLUGINS_DIR$/python/helpers/typeshed/third_party/2and3" />
      </SOURCES>
    </library>
    <library name="scala-sdk-2.12.4" type="Scala">
      <properties>
        <compiler-classpath>
          <root url="file:///usr/local/Cellar/scala/2.12.4/libexec/lib/scala-compiler.jar" />
          <root url="file:///usr/local/Cellar/scala/2.12.4/libexec/lib/scala-library.jar" />
          <root url="file:///usr/local/Cellar/scala/2.12.4/libexec/lib/scala-reflect.jar" />
        </compiler-classpath>
      </properties>
      <CLASSES>
        <root url="jar:///usr/local/Cellar/scala/2.12.4/libexec/lib/scala-library.jar!/" />
        <root url="jar:///usr/local/Cellar/scala/2.12.4/libexec/lib/scala-parser-combinators_2.12-1.0.6.jar!/" />
        <root url="jar:///usr/local/Cellar/scala/2.12.4/libexec/lib/scala-reflect.jar!/" />
        <root url="jar:///usr/local/Cellar/scala/2.12.4/libexec/lib/scala-swing_2.12-2.0.0.jar!/" />
        <root url="jar:///usr/local/Cellar/scala/2.12.4/libexec/lib/scala-xml_2.12-1.0.6.jar!/" />
      </CLASSES>
      <JAVADOC>
        <root url="http://www.scala-lang.org/api/2.12.4/" />
      </JAVADOC>
      <SOURCES />
    </library>
  </component>
</application>