<application>
  <component name="ProjectJdkTable">
    <jdk version="2">
      <name value="1.8" />
      <type value="JavaSDK" />
      <version value="java version &quot;1.8.0_144&quot;" />
      <homePath value="/Library/Java/JavaVirtualMachines/jdk1.8.0_144.jdk/Contents/Home" />
      <roots>
        <annotationsPath>
          <root type="composite">
            <root url="jar://$APPLICATION_HOME_DIR$/lib/jdkAnnotations.jar!/" type="simple" />
          </root>
        </annotationsPath>
        <classPath>
          <root type="composite">
            <root url="jar:///Library/Java/JavaVirtualMachines/jdk1.8.0_144.jdk/Contents/Home/jre/lib/charsets.jar!/" type="simple" />
            <root url="jar:///Library/Java/JavaVirtualMachines/jdk1.8.0_144.jdk/Contents/Home/jre/lib/deploy.jar!/" type="simple" />
            <root url="jar:///Library/Java/JavaVirtualMachines/jdk1.8.0_144.jdk/Contents/Home/jre/lib/ext/cldrdata.jar!/" type="simple" />
            <root url="jar:///Library/Java/JavaVirtualMachines/jdk1.8.0_144.jdk/Contents/Home/jre/lib/ext/dnsns.jar!/" type="simple" />
            <root url="jar:///Library/Java/JavaVirtualMachines/jdk1.8.0_144.jdk/Contents/Home/jre/lib/ext/jaccess.jar!/" type="simple" />
            <root url="jar:///Library/Java/JavaVirtualMachines/jdk1.8.0_144.jdk/Contents/Home/jre/lib/ext/jfxrt.jar!/" type="simple" />
            <root url="jar:///Library/Java/JavaVirtualMachines/jdk1.8.0_144.jdk/Contents/Home/jre/lib/ext/localedata.jar!/" type="simple" />
            <root url="jar:///Library/Java/JavaVirtualMachines/jdk1.8.0_144.jdk/Contents/Home/jre/lib/ext/nashorn.jar!/" type="simple" />
            <root url="jar:///Library/Java/JavaVirtualMachines/jdk1.8.0_144.jdk/Contents/Home/jre/lib/ext/sunec.jar!/" type="simple" />
            <root url="jar:///Library/Java/JavaVirtualMachines/jdk1.8.0_144.jdk/Contents/Home/jre/lib/ext/sunjce_provider.jar!/" type="simple" />
            <root url="jar:///Library/Java/JavaVirtualMachines/jdk1.8.0_144.jdk/Contents/Home/jre/lib/ext/sunpkcs11.jar!/" type="simple" />
            <root url="jar:///Library/Java/JavaVirtualMachines/jdk1.8.0_144.jdk/Contents/Home/jre/lib/ext/zipfs.jar!/" type="simple" />
            <root url="jar:///Library/Java/JavaVirtualMachines/jdk1.8.0_144.jdk/Contents/Home/jre/lib/javaws.jar!/" type="simple" />
            <root url="jar:///Library/Java/JavaVirtualMachines/jdk1.8.0_144.jdk/Contents/Home/jre/lib/jce.jar!/" type="simple" />
            <root url="jar:///Library/Java/JavaVirtualMachines/jdk1.8.0_144.jdk/Contents/Home/jre/lib/jfr.jar!/" type="simple" />
            <root url="jar:///Library/Java/JavaVirtualMachines/jdk1.8.0_144.jdk/Contents/Home/jre/lib/jfxswt.jar!/" type="simple" />
            <root url="jar:///Library/Java/JavaVirtualMachines/jdk1.8.0_144.jdk/Contents/Home/jre/lib/jsse.jar!/" type="simple" />
            <root url="jar:///Library/Java/JavaVirtualMachines/jdk1.8.0_144.jdk/Contents/Home/jre/lib/management-agent.jar!/" type="simple" />
            <root url="jar:///Library/Java/JavaVirtualMachines/jdk1.8.0_144.jdk/Contents/Home/jre/lib/plugin.jar!/" type="simple" />
            <root url="jar:///Library/Java/JavaVirtualMachines/jdk1.8.0_144.jdk/Contents/Home/jre/lib/resources.jar!/" type="simple" />
            <root url="jar:///Library/Java/JavaVirtualMachines/jdk1.8.0_144.jdk/Contents/Home/jre/lib/rt.jar!/" type="simple" />
            <root url="jar:///Library/Java/JavaVirtualMachines/jdk1.8.0_144.jdk/Contents/Home/lib/ant-javafx.jar!/" type="simple" />
            <root url="jar:///Library/Java/JavaVirtualMachines/jdk1.8.0_144.jdk/Contents/Home/lib/dt.jar!/" type="simple" />
            <root url="jar:///Library/Java/JavaVirtualMachines/jdk1.8.0_144.jdk/Contents/Home/lib/javafx-mx.jar!/" type="simple" />
            <root url="jar:///Library/Java/JavaVirtualMachines/jdk1.8.0_144.jdk/Contents/Home/lib/jconsole.jar!/" type="simple" />
            <root url="jar:///Library/Java/JavaVirtualMachines/jdk1.8.0_144.jdk/Contents/Home/lib/packager.jar!/" type="simple" />
            <root url="jar:///Library/Java/JavaVirtualMachines/jdk1.8.0_144.jdk/Contents/Home/lib/sa-jdi.jar!/" type="simple" />
            <root url="jar:///Library/Java/JavaVirtualMachines/jdk1.8.0_144.jdk/Contents/Home/lib/tools.jar!/" type="simple" />
          </root>
        </classPath>
        <javadocPath>
          <root type="composite" />
        </javadocPath>
        <sourcePath>
          <root type="composite">
            <root url="jar:///Library/Java/JavaVirtualMachines/jdk1.8.0_144.jdk/Contents/Home/src.zip!/" type="simple" />
            <root url="jar:///Library/Java/JavaVirtualMachines/jdk1.8.0_144.jdk/Contents/Home/javafx-src.zip!/" type="simple" />
          </root>
        </sourcePath>
      </roots>
      <additional />
    </jdk>
    <jdk version="2">
      <name value="Haskell" />
      <type value="Haskell SDK" />
      <homePath value="/Library/Haskell/bin" />
      <roots>
        <annotationsPath>
          <root type="composite" />
        </annotationsPath>
        <classPath>
          <root type="composite" />
        </classPath>
        <javadocPath>
          <root type="composite" />
        </javadocPath>
        <sourcePath>
          <root type="composite" />
        </sourcePath>
      </roots>
      <additional />
    </jdk>
    <jdk version="2">
      <name value="IntelliJ IDEA Community Edition IC-172.4343.14" />
      <type value="IDEA JDK" />
      <version value="java version &quot;1.8.0_144&quot;" />
      <homePath value="$USER_HOME$/IdeaProjects/innerbuilder/target/dependency/intellij-idea" />
      <roots>
        <annotationsPath>
          <root type="composite">
            <root url="jar://$APPLICATION_HOME_DIR$/lib/jdkAnnotations.jar!/" type="simple" />
          </root>
        </annotationsPath>
        <classPath>
          <root type="composite">
            <root url="jar://$USER_HOME$/IdeaProjects/innerbuilder/target/dependency/intellij-idea/lib/xbean.jar!/" type="simple" />
            <root url="jar://$USER_HOME$/IdeaProjects/innerbuilder/target/dependency/intellij-idea/lib/swingx-core-1.6.2.jar!/" type="simple" />
            <root url="jar://$USER_HOME$/IdeaProjects/innerbuilder/target/dependency/intellij-idea/lib/commons-logging-1.2.jar!/" type="simple" />
            <root url="jar://$USER_HOME$/IdeaProjects/innerbuilder/target/dependency/intellij-idea/lib/oromatcher.jar!/" type="simple" />
            <root url="jar://$USER_HOME$/IdeaProjects/innerbuilder/target/dependency/intellij-idea/lib/imageio-metadata-3.2.1.jar!/" type="simple" />
            <root url="jar://$USER_HOME$/IdeaProjects/innerbuilder/target/dependency/intellij-idea/lib/bcprov-jdk15on-155.jar!/" type="simple" />
            <root url="jar://$USER_HOME$/IdeaProjects/innerbuilder/target/dependency/intellij-idea/lib/coverage-instrumenter.jar!/" type="simple" />
            <root url="jar://$USER_HOME$/IdeaProjects/innerbuilder/target/dependency/intellij-idea/lib/maven-aether-provider-3.3.9-all.jar!/" type="simple" />
            <root url="jar://$USER_HOME$/IdeaProjects/innerbuilder/target/dependency/intellij-idea/lib/xmlrpc-2.0.jar!/" type="simple" />
            <root url="jar://$USER_HOME$/IdeaProjects/innerbuilder/target/dependency/intellij-idea/lib/trilead-ssh2.jar!/" type="simple" />
            <root url="jar://$USER_HOME$/IdeaProjects/innerbuilder/target/dependency/intellij-idea/lib/jgoodies-forms.jar!/" type="simple" />
            <root url="jar://$USER_HOME$/IdeaProjects/innerbuilder/target/dependency/intellij-idea/lib/pty4j-0.7.1.jar!/" type="simple" />
            <root url="jar://$USER_HOME$/IdeaProjects/innerbuilder/target/dependency/intellij-idea/lib/sqlite-jdbc-3.16.1.jar!/" type="simple" />
            <root url="jar://$USER_HOME$/IdeaProjects/innerbuilder/target/dependency/intellij-idea/lib/trang-core.jar!/" type="simple" />
            <root url="jar://$USER_HOME$/IdeaProjects/innerbuilder/target/dependency/intellij-idea/lib/annotations.jar!/" type="simple" />
            <root url="jar://$USER_HOME$/IdeaProjects/innerbuilder/target/dependency/intellij-idea/lib/idea_rt.jar!/" type="simple" />
            <root url="jar://$USER_HOME$/IdeaProjects/innerbuilder/target/dependency/intellij-idea/lib/junit-4.12.jar!/" type="simple" />
            <root url="jar://$USER_HOME$/IdeaProjects/innerbuilder/target/dependency/intellij-idea/lib/picocontainer.jar!/" type="simple" />
            <root url="jar://$USER_HOME$/IdeaProjects/innerbuilder/target/dependency/intellij-idea/lib/jgoodies-looks-2.4.2.jar!/" type="simple" />
            <root url="jar://$USER_HOME$/IdeaProjects/innerbuilder/target/dependency/intellij-idea/lib/protobuf-2.5.0.jar!/" type="simple" />
            <root url="jar://$USER_HOME$/IdeaProjects/innerbuilder/target/dependency/intellij-idea/lib/imageio-core-3.2.1.jar!/" type="simple" />
            <root url="jar://$USER_HOME$/IdeaProjects/innerbuilder/target/dependency/intellij-idea/lib/coverage-agent.jar!/" type="simple" />
            <root url="jar://$USER_HOME$/IdeaProjects/innerbuilder/target/dependency/intellij-idea/lib/resolver.jar!/" type="simple" />
            <root url="jar://$USER_HOME$/IdeaProjects/innerbuilder/target/dependency/intellij-idea/lib/resources_en.jar!/" type="simple" />
            <root url="jar://$USER_HOME$/IdeaProjects/innerbuilder/target/dependency/intellij-idea/lib/common-io-3.2.1.jar!/" type="simple" />
            <root url="jar://$USER_HOME$/IdeaProjects/innerbuilder/target/dependency/intellij-idea/lib/jcip-annotations.jar!/" type="simple" />
            <root url="jar://$USER_HOME$/IdeaProjects/innerbuilder/target/dependency/intellij-idea/lib/fluent-hc-4.5.2.jar!/" type="simple" />
            <root url="jar://$USER_HOME$/IdeaProjects/innerbuilder/target/dependency/intellij-idea/lib/google-analytics-library.jar!/" type="simple" />
            <root url="jar://$USER_HOME$/IdeaProjects/innerbuilder/target/dependency/intellij-idea/lib/jsch.agentproxy.jsch.jar!/" type="simple" />
            <root url="jar://$USER_HOME$/IdeaProjects/innerbuilder/target/dependency/intellij-idea/lib/velocity.jar!/" type="simple" />
            <root url="jar://$USER_HOME$/IdeaProjects/innerbuilder/target/dependency/intellij-idea/lib/jsch.agentproxy.pageant.jar!/" type="simple" />
            <root url="jar://$USER_HOME$/IdeaProjects/innerbuilder/target/dependency/intellij-idea/lib/imageio-tiff-3.2.1.jar!/" type="simple" />
            <root url="jar://$USER_HOME$/IdeaProjects/innerbuilder/target/dependency/intellij-idea/lib/commons-httpclient-3.1-patched.jar!/" type="simple" />
            <root url="jar://$USER_HOME$/IdeaProjects/innerbuilder/target/dependency/intellij-idea/lib/markdownj-core-0.4.2-SNAPSHOT.jar!/" type="simple" />
            <root url="jar://$USER_HOME$/IdeaProjects/innerbuilder/target/dependency/intellij-idea/lib/jsch.agentproxy.usocket-nc.jar!/" type="simple" />
            <root url="jar://$USER_HOME$/IdeaProjects/innerbuilder/target/dependency/intellij-idea/lib/kotlin-reflect.jar!/" type="simple" />
            <root url="jar://$USER_HOME$/IdeaProjects/innerbuilder/target/dependency/intellij-idea/lib/jps-launcher.jar!/" type="simple" />
            <root url="jar://$USER_HOME$/IdeaProjects/innerbuilder/target/dependency/intellij-idea/lib/log4j.jar!/" type="simple" />
            <root url="jar://$USER_HOME$/IdeaProjects/innerbuilder/target/dependency/intellij-idea/lib/automaton.jar!/" type="simple" />
            <root url="jar://$USER_HOME$/IdeaProjects/innerbuilder/target/dependency/intellij-idea/lib/cglib-nodep-3.2.4.jar!/" type="simple" />
            <root url="jar://$USER_HOME$/IdeaProjects/innerbuilder/target/dependency/intellij-idea/lib/bootstrap.jar!/" type="simple" />
            <root url="jar://$USER_HOME$/IdeaProjects/innerbuilder/target/dependency/intellij-idea/lib/javac2.jar!/" type="simple" />
            <root url="jar://$USER_HOME$/IdeaProjects/innerbuilder/target/dependency/intellij-idea/lib/constraint-layout.jar!/" type="simple" />
            <root url="jar://$USER_HOME$/IdeaProjects/innerbuilder/target/dependency/intellij-idea/lib/external-system-rt.jar!/" type="simple" />
            <root url="jar://$USER_HOME$/IdeaProjects/innerbuilder/target/dependency/intellij-idea/lib/xstream-1.4.8.jar!/" type="simple" />
            <root url="jar://$USER_HOME$/IdeaProjects/innerbuilder/target/dependency/intellij-idea/lib/jsch.agentproxy.usocket-jna.jar!/" type="simple" />
            <root url="jar://$USER_HOME$/IdeaProjects/innerbuilder/target/dependency/intellij-idea/lib/common-lang-3.2.1.jar!/" type="simple" />
            <root url="jar://$USER_HOME$/IdeaProjects/innerbuilder/target/dependency/intellij-idea/lib/httpclient-4.5.2.jar!/" type="simple" />
            <root url="jar://$USER_HOME$/IdeaProjects/innerbuilder/target/dependency/intellij-idea/lib/jdkAnnotations.jar!/" type="simple" />
            <root url="jar://$USER_HOME$/IdeaProjects/innerbuilder/target/dependency/intellij-idea/lib/commons-codec-1.9.jar!/" type="simple" />
            <root url="jar://$USER_HOME$/IdeaProjects/innerbuilder/target/dependency/intellij-idea/lib/jsr173_1.0_api.jar!/" type="simple" />
            <root url="jar://$USER_HOME$/IdeaProjects/innerbuilder/target/dependency/intellij-idea/lib/commons-compress-1.10.jar!/" type="simple" />
            <root url="jar://$USER_HOME$/IdeaProjects/innerbuilder/target/dependency/intellij-idea/lib/jimfs-1.1.jar!/" type="simple" />
            <root url="jar://$USER_HOME$/IdeaProjects/innerbuilder/target/dependency/intellij-idea/lib/cli-parser-1.1.jar!/" type="simple" />
            <root url="jar://$USER_HOME$/IdeaProjects/innerbuilder/target/dependency/intellij-idea/lib/guava-21.0.jar!/" type="simple" />
            <root url="jar://$USER_HOME$/IdeaProjects/innerbuilder/target/dependency/intellij-idea/lib/streamex-0.6.2.jar!/" type="simple" />
            <root url="jar://$USER_HOME$/IdeaProjects/innerbuilder/target/dependency/intellij-idea/lib/jayatana-1.2.4.jar!/" type="simple" />
            <root url="jar://$USER_HOME$/IdeaProjects/innerbuilder/target/dependency/intellij-idea/lib/kotlin-runtime.jar!/" type="simple" />
            <root url="jar://$USER_HOME$/IdeaProjects/innerbuilder/target/dependency/intellij-idea/lib/isorelax.jar!/" type="simple" />
            <root url="jar://$USER_HOME$/IdeaProjects/innerbuilder/target/dependency/intellij-idea/lib/common-image-3.2.1.jar!/" type="simple" />
            <root url="jar://$USER_HOME$/IdeaProjects/innerbuilder/target/dependency/intellij-idea/lib/jaxen-1.1.3.jar!/" type="simple" />
            <root url="jar://$USER_HOME$/IdeaProjects/innerbuilder/target/dependency/intellij-idea/lib/xpp3-1.1.4-min.jar!/" type="simple" />
            <root url="jar://$USER_HOME$/IdeaProjects/innerbuilder/target/dependency/intellij-idea/lib/studio-profiler-grpc-1.0-jarjar.jar!/" type="simple" />
            <root url="jar://$USER_HOME$/IdeaProjects/innerbuilder/target/dependency/intellij-idea/lib/sanselan-0.98-snapshot.jar!/" type="simple" />
            <root url="jar://$USER_HOME$/IdeaProjects/innerbuilder/target/dependency/intellij-idea/lib/snakeyaml-1.17.jar!/" type="simple" />
            <root url="jar://$USER_HOME$/IdeaProjects/innerbuilder/target/dependency/intellij-idea/lib/coverage-util.jar!/" type="simple" />
            <root url="jar://$USER_HOME$/IdeaProjects/innerbuilder/target/dependency/intellij-idea/lib/jps-builders-6.jar!/" type="simple" />
            <root url="jar://$USER_HOME$/IdeaProjects/innerbuilder/target/dependency/intellij-idea/lib/resources.jar!/" type="simple" />
            <root url="jar://$USER_HOME$/IdeaProjects/innerbuilder/target/dependency/intellij-idea/lib/winp-1.23.jar!/" type="simple" />
            <root url="jar://$USER_HOME$/IdeaProjects/innerbuilder/target/dependency/intellij-idea/lib/jsch.agentproxy.sshagent.jar!/" type="simple" />
            <root url="jar://$USER_HOME$/IdeaProjects/innerbuilder/target/dependency/intellij-idea/lib/aether-dependency-resolver.jar!/" type="simple" />
            <root url="jar://$USER_HOME$/IdeaProjects/innerbuilder/target/dependency/intellij-idea/lib/snappy-in-java-0.5.1.jar!/" type="simple" />
            <root url="jar://$USER_HOME$/IdeaProjects/innerbuilder/target/dependency/intellij-idea/lib/jps-model.jar!/" type="simple" />
            <root url="jar://$USER_HOME$/IdeaProjects/innerbuilder/target/dependency/intellij-idea/lib/jsr305.jar!/" type="simple" />
            <root url="jar://$USER_HOME$/IdeaProjects/innerbuilder/target/dependency/intellij-idea/lib/microba.jar!/" type="simple" />
            <root url="jar://$USER_HOME$/IdeaProjects/innerbuilder/target/dependency/intellij-idea/lib/jsch.agentproxy.core.jar!/" type="simple" />
            <root url="jar://$USER_HOME$/IdeaProjects/innerbuilder/target/dependency/intellij-idea/lib/jps-builders.jar!/" type="simple" />
            <root url="jar://$USER_HOME$/IdeaProjects/innerbuilder/target/dependency/intellij-idea/lib/xml-apis.jar!/" type="simple" />
            <root url="jar://$USER_HOME$/IdeaProjects/innerbuilder/target/dependency/intellij-idea/lib/miglayout-core-5.0.jar!/" type="simple" />
            <root url="jar://$USER_HOME$/IdeaProjects/innerbuilder/target/dependency/intellij-idea/lib/xercesImpl.jar!/" type="simple" />
            <root url="jar://$USER_HOME$/IdeaProjects/innerbuilder/target/dependency/intellij-idea/lib/hamcrest-core-1.3.jar!/" type="simple" />
            <root url="jar://$USER_HOME$/IdeaProjects/innerbuilder/target/dependency/intellij-idea/lib/jh.jar!/" type="simple" />
            <root url="jar://$USER_HOME$/IdeaProjects/innerbuilder/target/dependency/intellij-idea/lib/asm-5.0.3.jar!/" type="simple" />
            <root url="jar://$USER_HOME$/IdeaProjects/innerbuilder/target/dependency/intellij-idea/lib/ecj-4.6.2.jar!/" type="simple" />
            <root url="jar://$USER_HOME$/IdeaProjects/innerbuilder/target/dependency/intellij-idea/lib/jing.jar!/" type="simple" />
            <root url="jar://$USER_HOME$/IdeaProjects/innerbuilder/target/dependency/intellij-idea/lib/trove4j.jar!/" type="simple" />
            <root url="jar://$USER_HOME$/IdeaProjects/innerbuilder/target/dependency/intellij-idea/lib/asm-analysis-5.0.3.jar!/" type="simple" />
            <root url="jar://$USER_HOME$/IdeaProjects/innerbuilder/target/dependency/intellij-idea/lib/proxy-vole-1.0.3.jar!/" type="simple" />
            <root url="jar://$USER_HOME$/IdeaProjects/innerbuilder/target/dependency/intellij-idea/lib/icons.jar!/" type="simple" />
            <root url="jar://$USER_HOME$/IdeaProjects/innerbuilder/target/dependency/intellij-idea/lib/jsch.agentproxy.connector-factory.jar!/" type="simple" />
            <root url="jar://$USER_HOME$/IdeaProjects/innerbuilder/target/dependency/intellij-idea/lib/jsch-0.1.54.jar!/" type="simple" />
            <root url="jar://$USER_HOME$/IdeaProjects/innerbuilder/target/dependency/intellij-idea/lib/nekohtml-1.9.14.jar!/" type="simple" />
            <root url="jar://$USER_HOME$/IdeaProjects/innerbuilder/target/dependency/intellij-idea/lib/httpcore-4.4.5.jar!/" type="simple" />
            <root url="jar://$USER_HOME$/IdeaProjects/innerbuilder/target/dependency/intellij-idea/lib/jgoodies-common-1.2.1.jar!/" type="simple" />
            <root url="jar://$USER_HOME$/IdeaProjects/innerbuilder/target/dependency/intellij-idea/lib/batik-all.jar!/" type="simple" />
            <root url="jar://$USER_HOME$/IdeaProjects/innerbuilder/target/dependency/intellij-idea/lib/serviceMessages.jar!/" type="simple" />
            <root url="jar://$USER_HOME$/IdeaProjects/innerbuilder/target/dependency/intellij-idea/lib/imgscalr-lib-4.2.jar!/" type="simple" />
            <root url="jar://$USER_HOME$/IdeaProjects/innerbuilder/target/dependency/intellij-idea/lib/jediterm-pty-2.5.jar!/" type="simple" />
            <root url="jar://$USER_HOME$/IdeaProjects/innerbuilder/target/dependency/intellij-idea/lib/commons-net-3.3.jar!/" type="simple" />
            <root url="jar://$USER_HOME$/IdeaProjects/innerbuilder/target/dependency/intellij-idea/lib/slf4j-log4j12-1.7.10.jar!/" type="simple" />
            <root url="jar://$USER_HOME$/IdeaProjects/innerbuilder/target/dependency/intellij-idea/lib/asm-all.jar!/" type="simple" />
            <root url="jar://$USER_HOME$/IdeaProjects/innerbuilder/target/dependency/intellij-idea/lib/extensions.jar!/" type="simple" />
            <root url="jar://$USER_HOME$/IdeaProjects/innerbuilder/target/dependency/intellij-idea/lib/jna.jar!/" type="simple" />
            <root url="jar://$USER_HOME$/IdeaProjects/innerbuilder/target/dependency/intellij-idea/lib/gson-2.5.jar!/" type="simple" />
            <root url="jar://$USER_HOME$/IdeaProjects/innerbuilder/target/dependency/intellij-idea/lib/optimizedFileManager.jar!/" type="simple" />
            <root url="jar://$USER_HOME$/IdeaProjects/innerbuilder/target/dependency/intellij-idea/lib/xmlgraphics-commons-1.5.jar!/" type="simple" />
            <root url="jar://$USER_HOME$/IdeaProjects/innerbuilder/target/dependency/intellij-idea/lib/forms_rt.jar!/" type="simple" />
            <root url="jar://$USER_HOME$/IdeaProjects/innerbuilder/target/dependency/intellij-idea/lib/wadl-core.jar!/" type="simple" />
            <root url="jar://$USER_HOME$/IdeaProjects/innerbuilder/target/dependency/intellij-idea/lib/idea.jar!/" type="simple" />
            <root url="jar://$USER_HOME$/IdeaProjects/innerbuilder/target/dependency/intellij-idea/lib/util.jar!/" type="simple" />
            <root url="jar://$USER_HOME$/IdeaProjects/innerbuilder/target/dependency/intellij-idea/lib/netty-all-4.1.10.Final.jar!/" type="simple" />
            <root url="jar://$USER_HOME$/IdeaProjects/innerbuilder/target/dependency/intellij-idea/lib/httpmime-4.5.2.jar!/" type="simple" />
            <root url="jar://$USER_HOME$/IdeaProjects/innerbuilder/target/dependency/intellij-idea/lib/miglayout-swing-5.0.jar!/" type="simple" />
            <root url="jar://$USER_HOME$/IdeaProjects/innerbuilder/target/dependency/intellij-idea/lib/ini4j-0.5.2-patched.jar!/" type="simple" />
            <root url="jar://$USER_HOME$/IdeaProjects/innerbuilder/target/dependency/intellij-idea/lib/rngom-20051226-patched.jar!/" type="simple" />
            <root url="jar://$USER_HOME$/IdeaProjects/innerbuilder/target/dependency/intellij-idea/lib/openapi.jar!/" type="simple" />
            <root url="jar://$USER_HOME$/IdeaProjects/innerbuilder/target/dependency/intellij-idea/lib/groovy-all-2.4.6.jar!/" type="simple" />
            <root url="jar://$USER_HOME$/IdeaProjects/innerbuilder/target/dependency/intellij-idea/lib/purejavacomm.jar!/" type="simple" />
            <root url="jar://$USER_HOME$/IdeaProjects/innerbuilder/target/dependency/intellij-idea/lib/boot.jar!/" type="simple" />
            <root url="jar://$USER_HOME$/IdeaProjects/innerbuilder/target/dependency/intellij-idea/lib/nanoxml-2.2.3.jar!/" type="simple" />
            <root url="jar://$USER_HOME$/IdeaProjects/innerbuilder/target/dependency/intellij-idea/lib/slf4j-api-1.7.10.jar!/" type="simple" />
            <root url="jar://$USER_HOME$/IdeaProjects/innerbuilder/target/dependency/intellij-idea/lib/jna-platform.jar!/" type="simple" />
            <root url="jar://$USER_HOME$/IdeaProjects/innerbuilder/target/dependency/intellij-idea/lib/jdom.jar!/" type="simple" />
            <root url="jar://$USER_HOME$/IdeaProjects/innerbuilder/target/dependency/intellij-idea/lib/aether-1.1.0-all.jar!/" type="simple" />
            <root url="jar://$USER_HOME$/IdeaProjects/innerbuilder/target/dependency/intellij-idea/lib/asm-tree-5.0.3.jar!/" type="simple" />
            <root url="jar:///Library/Java/JavaVirtualMachines/jdk1.8.0_144.jdk/Contents/Home/jre/lib/charsets.jar!/" type="simple" />
            <root url="jar:///Library/Java/JavaVirtualMachines/jdk1.8.0_144.jdk/Contents/Home/jre/lib/deploy.jar!/" type="simple" />
            <root url="jar:///Library/Java/JavaVirtualMachines/jdk1.8.0_144.jdk/Contents/Home/jre/lib/ext/cldrdata.jar!/" type="simple" />
            <root url="jar:///Library/Java/JavaVirtualMachines/jdk1.8.0_144.jdk/Contents/Home/jre/lib/ext/dnsns.jar!/" type="simple" />
            <root url="jar:///Library/Java/JavaVirtualMachines/jdk1.8.0_144.jdk/Contents/Home/jre/lib/ext/jaccess.jar!/" type="simple" />
            <root url="jar:///Library/Java/JavaVirtualMachines/jdk1.8.0_144.jdk/Contents/Home/jre/lib/ext/jfxrt.jar!/" type="simple" />
            <root url="jar:///Library/Java/JavaVirtualMachines/jdk1.8.0_144.jdk/Contents/Home/jre/lib/ext/localedata.jar!/" type="simple" />
            <root url="jar:///Library/Java/JavaVirtualMachines/jdk1.8.0_144.jdk/Contents/Home/jre/lib/ext/nashorn.jar!/" type="simple" />
            <root url="jar:///Library/Java/JavaVirtualMachines/jdk1.8.0_144.jdk/Contents/Home/jre/lib/ext/sunec.jar!/" type="simple" />
            <root url="jar:///Library/Java/JavaVirtualMachines/jdk1.8.0_144.jdk/Contents/Home/jre/lib/ext/sunjce_provider.jar!/" type="simple" />
            <root url="jar:///Library/Java/JavaVirtualMachines/jdk1.8.0_144.jdk/Contents/Home/jre/lib/ext/sunpkcs11.jar!/" type="simple" />
            <root url="jar:///Library/Java/JavaVirtualMachines/jdk1.8.0_144.jdk/Contents/Home/jre/lib/ext/zipfs.jar!/" type="simple" />
            <root url="jar:///Library/Java/JavaVirtualMachines/jdk1.8.0_144.jdk/Contents/Home/jre/lib/javaws.jar!/" type="simple" />
            <root url="jar:///Library/Java/JavaVirtualMachines/jdk1.8.0_144.jdk/Contents/Home/jre/lib/jce.jar!/" type="simple" />
            <root url="jar:///Library/Java/JavaVirtualMachines/jdk1.8.0_144.jdk/Contents/Home/jre/lib/jfr.jar!/" type="simple" />
            <root url="jar:///Library/Java/JavaVirtualMachines/jdk1.8.0_144.jdk/Contents/Home/jre/lib/jfxswt.jar!/" type="simple" />
            <root url="jar:///Library/Java/JavaVirtualMachines/jdk1.8.0_144.jdk/Contents/Home/jre/lib/jsse.jar!/" type="simple" />
            <root url="jar:///Library/Java/JavaVirtualMachines/jdk1.8.0_144.jdk/Contents/Home/jre/lib/management-agent.jar!/" type="simple" />
            <root url="jar:///Library/Java/JavaVirtualMachines/jdk1.8.0_144.jdk/Contents/Home/jre/lib/plugin.jar!/" type="simple" />
            <root url="jar:///Library/Java/JavaVirtualMachines/jdk1.8.0_144.jdk/Contents/Home/jre/lib/resources.jar!/" type="simple" />
            <root url="jar:///Library/Java/JavaVirtualMachines/jdk1.8.0_144.jdk/Contents/Home/jre/lib/rt.jar!/" type="simple" />
            <root url="jar:///Library/Java/JavaVirtualMachines/jdk1.8.0_144.jdk/Contents/Home/lib/ant-javafx.jar!/" type="simple" />
            <root url="jar:///Library/Java/JavaVirtualMachines/jdk1.8.0_144.jdk/Contents/Home/lib/dt.jar!/" type="simple" />
            <root url="jar:///Library/Java/JavaVirtualMachines/jdk1.8.0_144.jdk/Contents/Home/lib/javafx-mx.jar!/" type="simple" />
            <root url="jar:///Library/Java/JavaVirtualMachines/jdk1.8.0_144.jdk/Contents/Home/lib/jconsole.jar!/" type="simple" />
            <root url="jar:///Library/Java/JavaVirtualMachines/jdk1.8.0_144.jdk/Contents/Home/lib/packager.jar!/" type="simple" />
            <root url="jar:///Library/Java/JavaVirtualMachines/jdk1.8.0_144.jdk/Contents/Home/lib/sa-jdi.jar!/" type="simple" />
            <root url="jar:///Library/Java/JavaVirtualMachines/jdk1.8.0_144.jdk/Contents/Home/lib/tools.jar!/" type="simple" />
          </root>
        </classPath>
        <javadocPath>
          <root type="composite" />
        </javadocPath>
        <sourcePath>
          <root type="composite">
            <root url="jar:///Library/Java/JavaVirtualMachines/jdk1.8.0_144.jdk/Contents/Home/src.zip!/" type="simple" />
            <root url="jar:///Library/Java/JavaVirtualMachines/jdk1.8.0_144.jdk/Contents/Home/javafx-src.zip!/" type="simple" />
          </root>
        </sourcePath>
      </roots>
      <additional sdk="1.8">
        <option name="mySandboxHome" value="$USER_HOME$/Library/Caches/IntelliJIdea2017.2/plugins-sandbox" />
      </additional>
    </jdk>
    <jdk version="2">
      <name value="11" />
      <type value="JavaSDK" />
      <version value="version 11.0.11" />
      <homePath value="$USER_HOME$/.jdks/adopt-openjdk-11.0.11" />
      <roots>
        <annotationsPath>
          <root type="composite">
            <root url="jar://$APPLICATION_HOME_DIR$/lib/jdkAnnotations.jar!/" type="simple" />
            <root url="jar://$APPLICATION_HOME_DIR$/plugins/java/lib/jdkAnnotations.jar!/" type="simple" />
          </root>
        </annotationsPath>
        <classPath>
          <root type="composite">
            <root url="jrt:///home/barnab/.jdks/adopt-openjdk-11.0.11!/java.base" type="simple" />
            <root url="jrt:///home/barnab/.jdks/adopt-openjdk-11.0.11!/java.compiler" type="simple" />
            <root url="jrt:///home/barnab/.jdks/adopt-openjdk-11.0.11!/java.datatransfer" type="simple" />
            <root url="jrt:///home/barnab/.jdks/adopt-openjdk-11.0.11!/java.desktop" type="simple" />
            <root url="jrt:///home/barnab/.jdks/adopt-openjdk-11.0.11!/java.instrument" type="simple" />
            <root url="jrt:///home/barnab/.jdks/adopt-openjdk-11.0.11!/java.logging" type="simple" />
            <root url="jrt:///home/barnab/.jdks/adopt-openjdk-11.0.11!/java.management" type="simple" />
            <root url="jrt:///home/barnab/.jdks/adopt-openjdk-11.0.11!/java.management.rmi" type="simple" />
            <root url="jrt:///home/barnab/.jdks/adopt-openjdk-11.0.11!/java.naming" type="simple" />
            <root url="jrt:///home/barnab/.jdks/adopt-openjdk-11.0.11!/java.net.http" type="simple" />
            <root url="jrt:///home/barnab/.jdks/adopt-openjdk-11.0.11!/java.prefs" type="simple" />
            <root url="jrt:///home/barnab/.jdks/adopt-openjdk-11.0.11!/java.rmi" type="simple" />
            <root url="jrt:///home/barnab/.jdks/adopt-openjdk-11.0.11!/java.scripting" type="simple" />
            <root url="jrt:///home/barnab/.jdks/adopt-openjdk-11.0.11!/java.se" type="simple" />
            <root url="jrt:///home/barnab/.jdks/adopt-openjdk-11.0.11!/java.security.jgss" type="simple" />
            <root url="jrt:///home/barnab/.jdks/adopt-openjdk-11.0.11!/java.security.sasl" type="simple" />
            <root url="jrt:///home/barnab/.jdks/adopt-openjdk-11.0.11!/java.smartcardio" type="simple" />
            <root url="jrt:///home/barnab/.jdks/adopt-openjdk-11.0.11!/java.sql" type="simple" />
            <root url="jrt:///home/barnab/.jdks/adopt-openjdk-11.0.11!/java.sql.rowset" type="simple" />
            <root url="jrt:///home/barnab/.jdks/adopt-openjdk-11.0.11!/java.transaction.xa" type="simple" />
            <root url="jrt:///home/barnab/.jdks/adopt-openjdk-11.0.11!/java.xml" type="simple" />
            <root url="jrt:///home/barnab/.jdks/adopt-openjdk-11.0.11!/java.xml.crypto" type="simple" />
            <root url="jrt:///home/barnab/.jdks/adopt-openjdk-11.0.11!/jdk.accessibility" type="simple" />
            <root url="jrt:///home/barnab/.jdks/adopt-openjdk-11.0.11!/jdk.aot" type="simple" />
            <root url="jrt:///home/barnab/.jdks/adopt-openjdk-11.0.11!/jdk.attach" type="simple" />
            <root url="jrt:///home/barnab/.jdks/adopt-openjdk-11.0.11!/jdk.charsets" type="simple" />
            <root url="jrt:///home/barnab/.jdks/adopt-openjdk-11.0.11!/jdk.compiler" type="simple" />
            <root url="jrt:///home/barnab/.jdks/adopt-openjdk-11.0.11!/jdk.crypto.cryptoki" type="simple" />
            <root url="jrt:///home/barnab/.jdks/adopt-openjdk-11.0.11!/jdk.crypto.ec" type="simple" />
            <root url="jrt:///home/barnab/.jdks/adopt-openjdk-11.0.11!/jdk.dynalink" type="simple" />
            <root url="jrt:///home/barnab/.jdks/adopt-openjdk-11.0.11!/jdk.editpad" type="simple" />
            <root url="jrt:///home/barnab/.jdks/adopt-openjdk-11.0.11!/jdk.hotspot.agent" type="simple" />
            <root url="jrt:///home/barnab/.jdks/adopt-openjdk-11.0.11!/jdk.httpserver" type="simple" />
            <root url="jrt:///home/barnab/.jdks/adopt-openjdk-11.0.11!/jdk.internal.ed" type="simple" />
            <root url="jrt:///home/barnab/.jdks/adopt-openjdk-11.0.11!/jdk.internal.jvmstat" type="simple" />
            <root url="jrt:///home/barnab/.jdks/adopt-openjdk-11.0.11!/jdk.internal.le" type="simple" />
            <root url="jrt:///home/barnab/.jdks/adopt-openjdk-11.0.11!/jdk.internal.opt" type="simple" />
            <root url="jrt:///home/barnab/.jdks/adopt-openjdk-11.0.11!/jdk.internal.vm.ci" type="simple" />
            <root url="jrt:///home/barnab/.jdks/adopt-openjdk-11.0.11!/jdk.internal.vm.compiler" type="simple" />
            <root url="jrt:///home/barnab/.jdks/adopt-openjdk-11.0.11!/jdk.internal.vm.compiler.management" type="simple" />
            <root url="jrt:///home/barnab/.jdks/adopt-openjdk-11.0.11!/jdk.jartool" type="simple" />
            <root url="jrt:///home/barnab/.jdks/adopt-openjdk-11.0.11!/jdk.javadoc" type="simple" />
            <root url="jrt:///home/barnab/.jdks/adopt-openjdk-11.0.11!/jdk.jcmd" type="simple" />
            <root url="jrt:///home/barnab/.jdks/adopt-openjdk-11.0.11!/jdk.jconsole" type="simple" />
            <root url="jrt:///home/barnab/.jdks/adopt-openjdk-11.0.11!/jdk.jdeps" type="simple" />
            <root url="jrt:///home/barnab/.jdks/adopt-openjdk-11.0.11!/jdk.jdi" type="simple" />
            <root url="jrt:///home/barnab/.jdks/adopt-openjdk-11.0.11!/jdk.jdwp.agent" type="simple" />
            <root url="jrt:///home/barnab/.jdks/adopt-openjdk-11.0.11!/jdk.jfr" type="simple" />
            <root url="jrt:///home/barnab/.jdks/adopt-openjdk-11.0.11!/jdk.jlink" type="simple" />
            <root url="jrt:///home/barnab/.jdks/adopt-openjdk-11.0.11!/jdk.jshell" type="simple" />
            <root url="jrt:///home/barnab/.jdks/adopt-openjdk-11.0.11!/jdk.jsobject" type="simple" />
            <root url="jrt:///home/barnab/.jdks/adopt-openjdk-11.0.11!/jdk.jstatd" type="simple" />
            <root url="jrt:///home/barnab/.jdks/adopt-openjdk-11.0.11!/jdk.localedata" type="simple" />
            <root url="jrt:///home/barnab/.jdks/adopt-openjdk-11.0.11!/jdk.management" type="simple" />
            <root url="jrt:///home/barnab/.jdks/adopt-openjdk-11.0.11!/jdk.management.agent" type="simple" />
            <root url="jrt:///home/barnab/.jdks/adopt-openjdk-11.0.11!/jdk.management.jfr" type="simple" />
            <root url="jrt:///home/barnab/.jdks/adopt-openjdk-11.0.11!/jdk.naming.dns" type="simple" />
            <root url="jrt:///home/barnab/.jdks/adopt-openjdk-11.0.11!/jdk.naming.ldap" type="simple" />
            <root url="jrt:///home/barnab/.jdks/adopt-openjdk-11.0.11!/jdk.naming.rmi" type="simple" />
            <root url="jrt:///home/barnab/.jdks/adopt-openjdk-11.0.11!/jdk.net" type="simple" />
            <root url="jrt:///home/barnab/.jdks/adopt-openjdk-11.0.11!/jdk.pack" type="simple" />
            <root url="jrt:///home/barnab/.jdks/adopt-openjdk-11.0.11!/jdk.rmic" type="simple" />
            <root url="jrt:///home/barnab/.jdks/adopt-openjdk-11.0.11!/jdk.scripting.nashorn" type="simple" />
            <root url="jrt:///home/barnab/.jdks/adopt-openjdk-11.0.11!/jdk.scripting.nashorn.shell" type="simple" />
            <root url="jrt:///home/barnab/.jdks/adopt-openjdk-11.0.11!/jdk.sctp" type="simple" />
            <root url="jrt:///home/barnab/.jdks/adopt-openjdk-11.0.11!/jdk.security.auth" type="simple" />
            <root url="jrt:///home/barnab/.jdks/adopt-openjdk-11.0.11!/jdk.security.jgss" type="simple" />
            <root url="jrt:///home/barnab/.jdks/adopt-openjdk-11.0.11!/jdk.unsupported" type="simple" />
            <root url="jrt:///home/barnab/.jdks/adopt-openjdk-11.0.11!/jdk.unsupported.desktop" type="simple" />
            <root url="jrt:///home/barnab/.jdks/adopt-openjdk-11.0.11!/jdk.xml.dom" type="simple" />
            <root url="jrt:///home/barnab/.jdks/adopt-openjdk-11.0.11!/jdk.zipfs" type="simple" />
            <root url="jrt:///Library/Java/JavaVirtualMachines/jdk-11.0.3.jdk/Contents/Home!/java.base" type="simple" />
            <root url="jrt:///Library/Java/JavaVirtualMachines/jdk-11.0.3.jdk/Contents/Home!/java.compiler" type="simple" />
            <root url="jrt:///Library/Java/JavaVirtualMachines/jdk-11.0.3.jdk/Contents/Home!/java.datatransfer" type="simple" />
            <root url="jrt:///Library/Java/JavaVirtualMachines/jdk-11.0.3.jdk/Contents/Home!/java.desktop" type="simple" />
            <root url="jrt:///Library/Java/JavaVirtualMachines/jdk-11.0.3.jdk/Contents/Home!/java.instrument" type="simple" />
            <root url="jrt:///Library/Java/JavaVirtualMachines/jdk-11.0.3.jdk/Contents/Home!/java.logging" type="simple" />
            <root url="jrt:///Library/Java/JavaVirtualMachines/jdk-11.0.3.jdk/Contents/Home!/java.management" type="simple" />
            <root url="jrt:///Library/Java/JavaVirtualMachines/jdk-11.0.3.jdk/Contents/Home!/java.management.rmi" type="simple" />
            <root url="jrt:///Library/Java/JavaVirtualMachines/jdk-11.0.3.jdk/Contents/Home!/java.naming" type="simple" />
            <root url="jrt:///Library/Java/JavaVirtualMachines/jdk-11.0.3.jdk/Contents/Home!/java.net.http" type="simple" />
            <root url="jrt:///Library/Java/JavaVirtualMachines/jdk-11.0.3.jdk/Contents/Home!/java.prefs" type="simple" />
            <root url="jrt:///Library/Java/JavaVirtualMachines/jdk-11.0.3.jdk/Contents/Home!/java.rmi" type="simple" />
            <root url="jrt:///Library/Java/JavaVirtualMachines/jdk-11.0.3.jdk/Contents/Home!/java.scripting" type="simple" />
            <root url="jrt:///Library/Java/JavaVirtualMachines/jdk-11.0.3.jdk/Contents/Home!/java.se" type="simple" />
            <root url="jrt:///Library/Java/JavaVirtualMachines/jdk-11.0.3.jdk/Contents/Home!/java.security.jgss" type="simple" />
            <root url="jrt:///Library/Java/JavaVirtualMachines/jdk-11.0.3.jdk/Contents/Home!/java.security.sasl" type="simple" />
            <root url="jrt:///Library/Java/JavaVirtualMachines/jdk-11.0.3.jdk/Contents/Home!/java.smartcardio" type="simple" />
            <root url="jrt:///Library/Java/JavaVirtualMachines/jdk-11.0.3.jdk/Contents/Home!/java.sql" type="simple" />
            <root url="jrt:///Library/Java/JavaVirtualMachines/jdk-11.0.3.jdk/Contents/Home!/java.sql.rowset" type="simple" />
            <root url="jrt:///Library/Java/JavaVirtualMachines/jdk-11.0.3.jdk/Contents/Home!/java.transaction.xa" type="simple" />
            <root url="jrt:///Library/Java/JavaVirtualMachines/jdk-11.0.3.jdk/Contents/Home!/java.xml" type="simple" />
            <root url="jrt:///Library/Java/JavaVirtualMachines/jdk-11.0.3.jdk/Contents/Home!/java.xml.crypto" type="simple" />
            <root url="jrt:///Library/Java/JavaVirtualMachines/jdk-11.0.3.jdk/Contents/Home!/jdk.accessibility" type="simple" />
            <root url="jrt:///Library/Java/JavaVirtualMachines/jdk-11.0.3.jdk/Contents/Home!/jdk.aot" type="simple" />
            <root url="jrt:///Library/Java/JavaVirtualMachines/jdk-11.0.3.jdk/Contents/Home!/jdk.attach" type="simple" />
            <root url="jrt:///Library/Java/JavaVirtualMachines/jdk-11.0.3.jdk/Contents/Home!/jdk.charsets" type="simple" />
            <root url="jrt:///Library/Java/JavaVirtualMachines/jdk-11.0.3.jdk/Contents/Home!/jdk.compiler" type="simple" />
            <root url="jrt:///Library/Java/JavaVirtualMachines/jdk-11.0.3.jdk/Contents/Home!/jdk.crypto.cryptoki" type="simple" />
            <root url="jrt:///Library/Java/JavaVirtualMachines/jdk-11.0.3.jdk/Contents/Home!/jdk.crypto.ec" type="simple" />
            <root url="jrt:///Library/Java/JavaVirtualMachines/jdk-11.0.3.jdk/Contents/Home!/jdk.dynalink" type="simple" />
            <root url="jrt:///Library/Java/JavaVirtualMachines/jdk-11.0.3.jdk/Contents/Home!/jdk.editpad" type="simple" />
            <root url="jrt:///Library/Java/JavaVirtualMachines/jdk-11.0.3.jdk/Contents/Home!/jdk.hotspot.agent" type="simple" />
            <root url="jrt:///Library/Java/JavaVirtualMachines/jdk-11.0.3.jdk/Contents/Home!/jdk.httpserver" type="simple" />
            <root url="jrt:///Library/Java/JavaVirtualMachines/jdk-11.0.3.jdk/Contents/Home!/jdk.internal.ed" type="simple" />
            <root url="jrt:///Library/Java/JavaVirtualMachines/jdk-11.0.3.jdk/Contents/Home!/jdk.internal.jvmstat" type="simple" />
            <root url="jrt:///Library/Java/JavaVirtualMachines/jdk-11.0.3.jdk/Contents/Home!/jdk.internal.le" type="simple" />
            <root url="jrt:///Library/Java/JavaVirtualMachines/jdk-11.0.3.jdk/Contents/Home!/jdk.internal.opt" type="simple" />
            <root url="jrt:///Library/Java/JavaVirtualMachines/jdk-11.0.3.jdk/Contents/Home!/jdk.internal.vm.ci" type="simple" />
            <root url="jrt:///Library/Java/JavaVirtualMachines/jdk-11.0.3.jdk/Contents/Home!/jdk.internal.vm.compiler" type="simple" />
            <root url="jrt:///Library/Java/JavaVirtualMachines/jdk-11.0.3.jdk/Contents/Home!/jdk.internal.vm.compiler.management" type="simple" />
            <root url="jrt:///Library/Java/JavaVirtualMachines/jdk-11.0.3.jdk/Contents/Home!/jdk.jartool" type="simple" />
            <root url="jrt:///Library/Java/JavaVirtualMachines/jdk-11.0.3.jdk/Contents/Home!/jdk.javadoc" type="simple" />
            <root url="jrt:///Library/Java/JavaVirtualMachines/jdk-11.0.3.jdk/Contents/Home!/jdk.jcmd" type="simple" />
            <root url="jrt:///Library/Java/JavaVirtualMachines/jdk-11.0.3.jdk/Contents/Home!/jdk.jconsole" type="simple" />
            <root url="jrt:///Library/Java/JavaVirtualMachines/jdk-11.0.3.jdk/Contents/Home!/jdk.jdeps" type="simple" />
            <root url="jrt:///Library/Java/JavaVirtualMachines/jdk-11.0.3.jdk/Contents/Home!/jdk.jdi" type="simple" />
            <root url="jrt:///Library/Java/JavaVirtualMachines/jdk-11.0.3.jdk/Contents/Home!/jdk.jdwp.agent" type="simple" />
            <root url="jrt:///Library/Java/JavaVirtualMachines/jdk-11.0.3.jdk/Contents/Home!/jdk.jfr" type="simple" />
            <root url="jrt:///Library/Java/JavaVirtualMachines/jdk-11.0.3.jdk/Contents/Home!/jdk.jlink" type="simple" />
            <root url="jrt:///Library/Java/JavaVirtualMachines/jdk-11.0.3.jdk/Contents/Home!/jdk.jshell" type="simple" />
            <root url="jrt:///Library/Java/JavaVirtualMachines/jdk-11.0.3.jdk/Contents/Home!/jdk.jsobject" type="simple" />
            <root url="jrt:///Library/Java/JavaVirtualMachines/jdk-11.0.3.jdk/Contents/Home!/jdk.jstatd" type="simple" />
            <root url="jrt:///Library/Java/JavaVirtualMachines/jdk-11.0.3.jdk/Contents/Home!/jdk.localedata" type="simple" />
            <root url="jrt:///Library/Java/JavaVirtualMachines/jdk-11.0.3.jdk/Contents/Home!/jdk.management" type="simple" />
            <root url="jrt:///Library/Java/JavaVirtualMachines/jdk-11.0.3.jdk/Contents/Home!/jdk.management.agent" type="simple" />
            <root url="jrt:///Library/Java/JavaVirtualMachines/jdk-11.0.3.jdk/Contents/Home!/jdk.management.jfr" type="simple" />
            <root url="jrt:///Library/Java/JavaVirtualMachines/jdk-11.0.3.jdk/Contents/Home!/jdk.naming.dns" type="simple" />
            <root url="jrt:///Library/Java/JavaVirtualMachines/jdk-11.0.3.jdk/Contents/Home!/jdk.naming.rmi" type="simple" />
            <root url="jrt:///Library/Java/JavaVirtualMachines/jdk-11.0.3.jdk/Contents/Home!/jdk.net" type="simple" />
            <root url="jrt:///Library/Java/JavaVirtualMachines/jdk-11.0.3.jdk/Contents/Home!/jdk.pack" type="simple" />
            <root url="jrt:///Library/Java/JavaVirtualMachines/jdk-11.0.3.jdk/Contents/Home!/jdk.rmic" type="simple" />
            <root url="jrt:///Library/Java/JavaVirtualMachines/jdk-11.0.3.jdk/Contents/Home!/jdk.scripting.nashorn" type="simple" />
            <root url="jrt:///Library/Java/JavaVirtualMachines/jdk-11.0.3.jdk/Contents/Home!/jdk.scripting.nashorn.shell" type="simple" />
            <root url="jrt:///Library/Java/JavaVirtualMachines/jdk-11.0.3.jdk/Contents/Home!/jdk.sctp" type="simple" />
            <root url="jrt:///Library/Java/JavaVirtualMachines/jdk-11.0.3.jdk/Contents/Home!/jdk.security.auth" type="simple" />
            <root url="jrt:///Library/Java/JavaVirtualMachines/jdk-11.0.3.jdk/Contents/Home!/jdk.security.jgss" type="simple" />
            <root url="jrt:///Library/Java/JavaVirtualMachines/jdk-11.0.3.jdk/Contents/Home!/jdk.unsupported" type="simple" />
            <root url="jrt:///Library/Java/JavaVirtualMachines/jdk-11.0.3.jdk/Contents/Home!/jdk.unsupported.desktop" type="simple" />
            <root url="jrt:///Library/Java/JavaVirtualMachines/jdk-11.0.3.jdk/Contents/Home!/jdk.xml.dom" type="simple" />
            <root url="jrt:///Library/Java/JavaVirtualMachines/jdk-11.0.3.jdk/Contents/Home!/jdk.zipfs" type="simple" />
          </root>
        </classPath>
        <javadocPath>
          <root type="composite" />
        </javadocPath>
        <sourcePath>
          <root type="composite">
            <root url="jar:///Library/Java/JavaVirtualMachines/jdk-11.0.3.jdk/Contents/Home/lib/src.zip!/java.se" type="simple" />
            <root url="jar:///Library/Java/JavaVirtualMachines/jdk-11.0.3.jdk/Contents/Home/lib/src.zip!/jdk.aot" type="simple" />
            <root url="jar:///Library/Java/JavaVirtualMachines/jdk-11.0.3.jdk/Contents/Home/lib/src.zip!/jdk.jdi" type="simple" />
            <root url="jar:///Library/Java/JavaVirtualMachines/jdk-11.0.3.jdk/Contents/Home/lib/src.zip!/jdk.jfr" type="simple" />
            <root url="jar:///Library/Java/JavaVirtualMachines/jdk-11.0.3.jdk/Contents/Home/lib/src.zip!/jdk.net" type="simple" />
            <root url="jar:///Library/Java/JavaVirtualMachines/jdk-11.0.3.jdk/Contents/Home/lib/src.zip!/java.rmi" type="simple" />
            <root url="jar:///Library/Java/JavaVirtualMachines/jdk-11.0.3.jdk/Contents/Home/lib/src.zip!/java.sql" type="simple" />
            <root url="jar:///Library/Java/JavaVirtualMachines/jdk-11.0.3.jdk/Contents/Home/lib/src.zip!/java.xml" type="simple" />
            <root url="jar:///Library/Java/JavaVirtualMachines/jdk-11.0.3.jdk/Contents/Home/lib/src.zip!/jdk.jcmd" type="simple" />
            <root url="jar:///Library/Java/JavaVirtualMachines/jdk-11.0.3.jdk/Contents/Home/lib/src.zip!/jdk.pack" type="simple" />
            <root url="jar:///Library/Java/JavaVirtualMachines/jdk-11.0.3.jdk/Contents/Home/lib/src.zip!/jdk.rmic" type="simple" />
            <root url="jar:///Library/Java/JavaVirtualMachines/jdk-11.0.3.jdk/Contents/Home/lib/src.zip!/jdk.sctp" type="simple" />
            <root url="jar:///Library/Java/JavaVirtualMachines/jdk-11.0.3.jdk/Contents/Home/lib/src.zip!/java.base" type="simple" />
            <root url="jar:///Library/Java/JavaVirtualMachines/jdk-11.0.3.jdk/Contents/Home/lib/src.zip!/jdk.jdeps" type="simple" />
            <root url="jar:///Library/Java/JavaVirtualMachines/jdk-11.0.3.jdk/Contents/Home/lib/src.zip!/jdk.jlink" type="simple" />
            <root url="jar:///Library/Java/JavaVirtualMachines/jdk-11.0.3.jdk/Contents/Home/lib/src.zip!/jdk.zipfs" type="simple" />
            <root url="jar:///Library/Java/JavaVirtualMachines/jdk-11.0.3.jdk/Contents/Home/lib/src.zip!/java.prefs" type="simple" />
            <root url="jar:///Library/Java/JavaVirtualMachines/jdk-11.0.3.jdk/Contents/Home/lib/src.zip!/jdk.attach" type="simple" />
            <root url="jar:///Library/Java/JavaVirtualMachines/jdk-11.0.3.jdk/Contents/Home/lib/src.zip!/jdk.jshell" type="simple" />
            <root url="jar:///Library/Java/JavaVirtualMachines/jdk-11.0.3.jdk/Contents/Home/lib/src.zip!/jdk.jstatd" type="simple" />
            <root url="jar:///Library/Java/JavaVirtualMachines/jdk-11.0.3.jdk/Contents/Home/lib/src.zip!/java.naming" type="simple" />
            <root url="jar:///Library/Java/JavaVirtualMachines/jdk-11.0.3.jdk/Contents/Home/lib/src.zip!/jdk.editpad" type="simple" />
            <root url="jar:///Library/Java/JavaVirtualMachines/jdk-11.0.3.jdk/Contents/Home/lib/src.zip!/jdk.jartool" type="simple" />
            <root url="jar:///Library/Java/JavaVirtualMachines/jdk-11.0.3.jdk/Contents/Home/lib/src.zip!/jdk.javadoc" type="simple" />
            <root url="jar:///Library/Java/JavaVirtualMachines/jdk-11.0.3.jdk/Contents/Home/lib/src.zip!/jdk.xml.dom" type="simple" />
            <root url="jar:///Library/Java/JavaVirtualMachines/jdk-11.0.3.jdk/Contents/Home/lib/src.zip!/java.desktop" type="simple" />
            <root url="jar:///Library/Java/JavaVirtualMachines/jdk-11.0.3.jdk/Contents/Home/lib/src.zip!/java.logging" type="simple" />
            <root url="jar:///Library/Java/JavaVirtualMachines/jdk-11.0.3.jdk/Contents/Home/lib/src.zip!/jdk.charsets" type="simple" />
            <root url="jar:///Library/Java/JavaVirtualMachines/jdk-11.0.3.jdk/Contents/Home/lib/src.zip!/jdk.compiler" type="simple" />
            <root url="jar:///Library/Java/JavaVirtualMachines/jdk-11.0.3.jdk/Contents/Home/lib/src.zip!/jdk.dynalink" type="simple" />
            <root url="jar:///Library/Java/JavaVirtualMachines/jdk-11.0.3.jdk/Contents/Home/lib/src.zip!/jdk.jconsole" type="simple" />
            <root url="jar:///Library/Java/JavaVirtualMachines/jdk-11.0.3.jdk/Contents/Home/lib/src.zip!/jdk.jsobject" type="simple" />
            <root url="jar:///Library/Java/JavaVirtualMachines/jdk-11.0.3.jdk/Contents/Home/lib/src.zip!/java.compiler" type="simple" />
            <root url="jar:///Library/Java/JavaVirtualMachines/jdk-11.0.3.jdk/Contents/Home/lib/src.zip!/java.net.http" type="simple" />
            <root url="jar:///Library/Java/JavaVirtualMachines/jdk-11.0.3.jdk/Contents/Home/lib/src.zip!/jdk.crypto.ec" type="simple" />
            <root url="jar:///Library/Java/JavaVirtualMachines/jdk-11.0.3.jdk/Contents/Home/lib/src.zip!/java.scripting" type="simple" />
            <root url="jar:///Library/Java/JavaVirtualMachines/jdk-11.0.3.jdk/Contents/Home/lib/src.zip!/jdk.httpserver" type="simple" />
            <root url="jar:///Library/Java/JavaVirtualMachines/jdk-11.0.3.jdk/Contents/Home/lib/src.zip!/jdk.jdwp.agent" type="simple" />
            <root url="jar:///Library/Java/JavaVirtualMachines/jdk-11.0.3.jdk/Contents/Home/lib/src.zip!/jdk.localedata" type="simple" />
            <root url="jar:///Library/Java/JavaVirtualMachines/jdk-11.0.3.jdk/Contents/Home/lib/src.zip!/jdk.management" type="simple" />
            <root url="jar:///Library/Java/JavaVirtualMachines/jdk-11.0.3.jdk/Contents/Home/lib/src.zip!/jdk.naming.dns" type="simple" />
            <root url="jar:///Library/Java/JavaVirtualMachines/jdk-11.0.3.jdk/Contents/Home/lib/src.zip!/jdk.naming.rmi" type="simple" />
            <root url="jar:///Library/Java/JavaVirtualMachines/jdk-11.0.3.jdk/Contents/Home/lib/src.zip!/java.instrument" type="simple" />
            <root url="jar:///Library/Java/JavaVirtualMachines/jdk-11.0.3.jdk/Contents/Home/lib/src.zip!/java.management" type="simple" />
            <root url="jar:///Library/Java/JavaVirtualMachines/jdk-11.0.3.jdk/Contents/Home/lib/src.zip!/java.sql.rowset" type="simple" />
            <root url="jar:///Library/Java/JavaVirtualMachines/jdk-11.0.3.jdk/Contents/Home/lib/src.zip!/java.xml.crypto" type="simple" />
            <root url="jar:///Library/Java/JavaVirtualMachines/jdk-11.0.3.jdk/Contents/Home/lib/src.zip!/jdk.internal.ed" type="simple" />
            <root url="jar:///Library/Java/JavaVirtualMachines/jdk-11.0.3.jdk/Contents/Home/lib/src.zip!/jdk.internal.le" type="simple" />
            <root url="jar:///Library/Java/JavaVirtualMachines/jdk-11.0.3.jdk/Contents/Home/lib/src.zip!/jdk.unsupported" type="simple" />
            <root url="jar:///Library/Java/JavaVirtualMachines/jdk-11.0.3.jdk/Contents/Home/lib/src.zip!/java.smartcardio" type="simple" />
            <root url="jar:///Library/Java/JavaVirtualMachines/jdk-11.0.3.jdk/Contents/Home/lib/src.zip!/jdk.internal.opt" type="simple" />
            <root url="jar:///Library/Java/JavaVirtualMachines/jdk-11.0.3.jdk/Contents/Home/lib/src.zip!/java.datatransfer" type="simple" />
            <root url="jar:///Library/Java/JavaVirtualMachines/jdk-11.0.3.jdk/Contents/Home/lib/src.zip!/jdk.accessibility" type="simple" />
            <root url="jar:///Library/Java/JavaVirtualMachines/jdk-11.0.3.jdk/Contents/Home/lib/src.zip!/jdk.hotspot.agent" type="simple" />
            <root url="jar:///Library/Java/JavaVirtualMachines/jdk-11.0.3.jdk/Contents/Home/lib/src.zip!/jdk.security.auth" type="simple" />
            <root url="jar:///Library/Java/JavaVirtualMachines/jdk-11.0.3.jdk/Contents/Home/lib/src.zip!/jdk.security.jgss" type="simple" />
            <root url="jar:///Library/Java/JavaVirtualMachines/jdk-11.0.3.jdk/Contents/Home/lib/src.zip!/java.security.jgss" type="simple" />
            <root url="jar:///Library/Java/JavaVirtualMachines/jdk-11.0.3.jdk/Contents/Home/lib/src.zip!/java.security.sasl" type="simple" />
            <root url="jar:///Library/Java/JavaVirtualMachines/jdk-11.0.3.jdk/Contents/Home/lib/src.zip!/jdk.internal.vm.ci" type="simple" />
            <root url="jar:///Library/Java/JavaVirtualMachines/jdk-11.0.3.jdk/Contents/Home/lib/src.zip!/jdk.management.jfr" type="simple" />
            <root url="jar:///Library/Java/JavaVirtualMachines/jdk-11.0.3.jdk/Contents/Home/lib/src.zip!/java.management.rmi" type="simple" />
            <root url="jar:///Library/Java/JavaVirtualMachines/jdk-11.0.3.jdk/Contents/Home/lib/src.zip!/java.transaction.xa" type="simple" />
            <root url="jar:///Library/Java/JavaVirtualMachines/jdk-11.0.3.jdk/Contents/Home/lib/src.zip!/jdk.crypto.cryptoki" type="simple" />
            <root url="jar:///Library/Java/JavaVirtualMachines/jdk-11.0.3.jdk/Contents/Home/lib/src.zip!/jdk.internal.jvmstat" type="simple" />
            <root url="jar:///Library/Java/JavaVirtualMachines/jdk-11.0.3.jdk/Contents/Home/lib/src.zip!/jdk.management.agent" type="simple" />
            <root url="jar:///Library/Java/JavaVirtualMachines/jdk-11.0.3.jdk/Contents/Home/lib/src.zip!/jdk.scripting.nashorn" type="simple" />
            <root url="jar:///Library/Java/JavaVirtualMachines/jdk-11.0.3.jdk/Contents/Home/lib/src.zip!/jdk.unsupported.desktop" type="simple" />
            <root url="jar:///Library/Java/JavaVirtualMachines/jdk-11.0.3.jdk/Contents/Home/lib/src.zip!/jdk.internal.vm.compiler" type="simple" />
            <root url="jar:///Library/Java/JavaVirtualMachines/jdk-11.0.3.jdk/Contents/Home/lib/src.zip!/jdk.scripting.nashorn.shell" type="simple" />
            <root url="jar:///Library/Java/JavaVirtualMachines/jdk-11.0.3.jdk/Contents/Home/lib/src.zip!/jdk.internal.vm.compiler.management" type="simple" />
            <root url="jar://$USER_HOME$/.jdks/adopt-openjdk-11.0.11/lib/src.zip!/java.se" type="simple" />
            <root url="jar://$USER_HOME$/.jdks/adopt-openjdk-11.0.11/lib/src.zip!/jdk.aot" type="simple" />
            <root url="jar://$USER_HOME$/.jdks/adopt-openjdk-11.0.11/lib/src.zip!/jdk.jdi" type="simple" />
            <root url="jar://$USER_HOME$/.jdks/adopt-openjdk-11.0.11/lib/src.zip!/jdk.jfr" type="simple" />
            <root url="jar://$USER_HOME$/.jdks/adopt-openjdk-11.0.11/lib/src.zip!/jdk.net" type="simple" />
            <root url="jar://$USER_HOME$/.jdks/adopt-openjdk-11.0.11/lib/src.zip!/java.rmi" type="simple" />
            <root url="jar://$USER_HOME$/.jdks/adopt-openjdk-11.0.11/lib/src.zip!/java.sql" type="simple" />
            <root url="jar://$USER_HOME$/.jdks/adopt-openjdk-11.0.11/lib/src.zip!/java.xml" type="simple" />
            <root url="jar://$USER_HOME$/.jdks/adopt-openjdk-11.0.11/lib/src.zip!/jdk.jcmd" type="simple" />
            <root url="jar://$USER_HOME$/.jdks/adopt-openjdk-11.0.11/lib/src.zip!/jdk.pack" type="simple" />
            <root url="jar://$USER_HOME$/.jdks/adopt-openjdk-11.0.11/lib/src.zip!/jdk.rmic" type="simple" />
            <root url="jar://$USER_HOME$/.jdks/adopt-openjdk-11.0.11/lib/src.zip!/jdk.sctp" type="simple" />
            <root url="jar://$USER_HOME$/.jdks/adopt-openjdk-11.0.11/lib/src.zip!/java.base" type="simple" />
            <root url="jar://$USER_HOME$/.jdks/adopt-openjdk-11.0.11/lib/src.zip!/jdk.jdeps" type="simple" />
            <root url="jar://$USER_HOME$/.jdks/adopt-openjdk-11.0.11/lib/src.zip!/jdk.jlink" type="simple" />
            <root url="jar://$USER_HOME$/.jdks/adopt-openjdk-11.0.11/lib/src.zip!/jdk.zipfs" type="simple" />
            <root url="jar://$USER_HOME$/.jdks/adopt-openjdk-11.0.11/lib/src.zip!/java.prefs" type="simple" />
            <root url="jar://$USER_HOME$/.jdks/adopt-openjdk-11.0.11/lib/src.zip!/jdk.attach" type="simple" />
            <root url="jar://$USER_HOME$/.jdks/adopt-openjdk-11.0.11/lib/src.zip!/jdk.jshell" type="simple" />
            <root url="jar://$USER_HOME$/.jdks/adopt-openjdk-11.0.11/lib/src.zip!/jdk.jstatd" type="simple" />
            <root url="jar://$USER_HOME$/.jdks/adopt-openjdk-11.0.11/lib/src.zip!/java.naming" type="simple" />
            <root url="jar://$USER_HOME$/.jdks/adopt-openjdk-11.0.11/lib/src.zip!/jdk.editpad" type="simple" />
            <root url="jar://$USER_HOME$/.jdks/adopt-openjdk-11.0.11/lib/src.zip!/jdk.jartool" type="simple" />
            <root url="jar://$USER_HOME$/.jdks/adopt-openjdk-11.0.11/lib/src.zip!/jdk.javadoc" type="simple" />
            <root url="jar://$USER_HOME$/.jdks/adopt-openjdk-11.0.11/lib/src.zip!/jdk.xml.dom" type="simple" />
            <root url="jar://$USER_HOME$/.jdks/adopt-openjdk-11.0.11/lib/src.zip!/java.desktop" type="simple" />
            <root url="jar://$USER_HOME$/.jdks/adopt-openjdk-11.0.11/lib/src.zip!/java.logging" type="simple" />
            <root url="jar://$USER_HOME$/.jdks/adopt-openjdk-11.0.11/lib/src.zip!/jdk.charsets" type="simple" />
            <root url="jar://$USER_HOME$/.jdks/adopt-openjdk-11.0.11/lib/src.zip!/jdk.compiler" type="simple" />
            <root url="jar://$USER_HOME$/.jdks/adopt-openjdk-11.0.11/lib/src.zip!/jdk.dynalink" type="simple" />
            <root url="jar://$USER_HOME$/.jdks/adopt-openjdk-11.0.11/lib/src.zip!/jdk.jconsole" type="simple" />
            <root url="jar://$USER_HOME$/.jdks/adopt-openjdk-11.0.11/lib/src.zip!/jdk.jsobject" type="simple" />
            <root url="jar://$USER_HOME$/.jdks/adopt-openjdk-11.0.11/lib/src.zip!/java.compiler" type="simple" />
            <root url="jar://$USER_HOME$/.jdks/adopt-openjdk-11.0.11/lib/src.zip!/java.net.http" type="simple" />
            <root url="jar://$USER_HOME$/.jdks/adopt-openjdk-11.0.11/lib/src.zip!/jdk.crypto.ec" type="simple" />
            <root url="jar://$USER_HOME$/.jdks/adopt-openjdk-11.0.11/lib/src.zip!/java.scripting" type="simple" />
            <root url="jar://$USER_HOME$/.jdks/adopt-openjdk-11.0.11/lib/src.zip!/jdk.httpserver" type="simple" />
            <root url="jar://$USER_HOME$/.jdks/adopt-openjdk-11.0.11/lib/src.zip!/jdk.jdwp.agent" type="simple" />
            <root url="jar://$USER_HOME$/.jdks/adopt-openjdk-11.0.11/lib/src.zip!/jdk.localedata" type="simple" />
            <root url="jar://$USER_HOME$/.jdks/adopt-openjdk-11.0.11/lib/src.zip!/jdk.management" type="simple" />
            <root url="jar://$USER_HOME$/.jdks/adopt-openjdk-11.0.11/lib/src.zip!/jdk.naming.dns" type="simple" />
            <root url="jar://$USER_HOME$/.jdks/adopt-openjdk-11.0.11/lib/src.zip!/jdk.naming.rmi" type="simple" />
            <root url="jar://$USER_HOME$/.jdks/adopt-openjdk-11.0.11/lib/src.zip!/java.instrument" type="simple" />
            <root url="jar://$USER_HOME$/.jdks/adopt-openjdk-11.0.11/lib/src.zip!/java.management" type="simple" />
            <root url="jar://$USER_HOME$/.jdks/adopt-openjdk-11.0.11/lib/src.zip!/java.sql.rowset" type="simple" />
            <root url="jar://$USER_HOME$/.jdks/adopt-openjdk-11.0.11/lib/src.zip!/java.xml.crypto" type="simple" />
            <root url="jar://$USER_HOME$/.jdks/adopt-openjdk-11.0.11/lib/src.zip!/jdk.internal.ed" type="simple" />
            <root url="jar://$USER_HOME$/.jdks/adopt-openjdk-11.0.11/lib/src.zip!/jdk.internal.le" type="simple" />
            <root url="jar://$USER_HOME$/.jdks/adopt-openjdk-11.0.11/lib/src.zip!/jdk.naming.ldap" type="simple" />
            <root url="jar://$USER_HOME$/.jdks/adopt-openjdk-11.0.11/lib/src.zip!/jdk.unsupported" type="simple" />
            <root url="jar://$USER_HOME$/.jdks/adopt-openjdk-11.0.11/lib/src.zip!/java.smartcardio" type="simple" />
            <root url="jar://$USER_HOME$/.jdks/adopt-openjdk-11.0.11/lib/src.zip!/jdk.internal.opt" type="simple" />
            <root url="jar://$USER_HOME$/.jdks/adopt-openjdk-11.0.11/lib/src.zip!/java.datatransfer" type="simple" />
            <root url="jar://$USER_HOME$/.jdks/adopt-openjdk-11.0.11/lib/src.zip!/jdk.accessibility" type="simple" />
            <root url="jar://$USER_HOME$/.jdks/adopt-openjdk-11.0.11/lib/src.zip!/jdk.hotspot.agent" type="simple" />
            <root url="jar://$USER_HOME$/.jdks/adopt-openjdk-11.0.11/lib/src.zip!/jdk.security.auth" type="simple" />
            <root url="jar://$USER_HOME$/.jdks/adopt-openjdk-11.0.11/lib/src.zip!/jdk.security.jgss" type="simple" />
            <root url="jar://$USER_HOME$/.jdks/adopt-openjdk-11.0.11/lib/src.zip!/java.security.jgss" type="simple" />
            <root url="jar://$USER_HOME$/.jdks/adopt-openjdk-11.0.11/lib/src.zip!/java.security.sasl" type="simple" />
            <root url="jar://$USER_HOME$/.jdks/adopt-openjdk-11.0.11/lib/src.zip!/jdk.internal.vm.ci" type="simple" />
            <root url="jar://$USER_HOME$/.jdks/adopt-openjdk-11.0.11/lib/src.zip!/jdk.management.jfr" type="simple" />
            <root url="jar://$USER_HOME$/.jdks/adopt-openjdk-11.0.11/lib/src.zip!/java.management.rmi" type="simple" />
            <root url="jar://$USER_HOME$/.jdks/adopt-openjdk-11.0.11/lib/src.zip!/java.transaction.xa" type="simple" />
            <root url="jar://$USER_HOME$/.jdks/adopt-openjdk-11.0.11/lib/src.zip!/jdk.crypto.cryptoki" type="simple" />
            <root url="jar://$USER_HOME$/.jdks/adopt-openjdk-11.0.11/lib/src.zip!/jdk.internal.jvmstat" type="simple" />
            <root url="jar://$USER_HOME$/.jdks/adopt-openjdk-11.0.11/lib/src.zip!/jdk.management.agent" type="simple" />
            <root url="jar://$USER_HOME$/.jdks/adopt-openjdk-11.0.11/lib/src.zip!/jdk.scripting.nashorn" type="simple" />
            <root url="jar://$USER_HOME$/.jdks/adopt-openjdk-11.0.11/lib/src.zip!/jdk.unsupported.desktop" type="simple" />
            <root url="jar://$USER_HOME$/.jdks/adopt-openjdk-11.0.11/lib/src.zip!/jdk.internal.vm.compiler" type="simple" />
            <root url="jar://$USER_HOME$/.jdks/adopt-openjdk-11.0.11/lib/src.zip!/jdk.scripting.nashorn.shell" type="simple" />
            <root url="jar://$USER_HOME$/.jdks/adopt-openjdk-11.0.11/lib/src.zip!/jdk.internal.vm.compiler.management" type="simple" />
          </root>
        </sourcePath>
      </roots>
      <additional />
    </jdk>
    <jdk version="2">
      <name value="Python 2.7" />
      <type value="Python SDK" />
      <version value="Python 2.7.16" />
      <homePath value="/usr/bin/python2.7" />
      <roots>
        <annotationsPath>
          <root type="composite" />
        </annotationsPath>
        <classPath>
          <root type="composite">
            <root url="file:///System/Library/Frameworks/Python.framework/Versions/2.7/lib/python2.7" type="simple" />
            <root url="file:///System/Library/Frameworks/Python.framework/Versions/2.7/lib/python2.7/plat-darwin" type="simple" />
            <root url="file:///System/Library/Frameworks/Python.framework/Versions/2.7/lib/python2.7/plat-mac" type="simple" />
            <root url="file:///System/Library/Frameworks/Python.framework/Versions/2.7/lib/python2.7/plat-mac/lib-scriptpackages" type="simple" />
            <root url="file:///System/Library/Frameworks/Python.framework/Versions/2.7/lib/python2.7/lib-tk" type="simple" />
            <root url="file:///System/Library/Frameworks/Python.framework/Versions/2.7/lib/python2.7/lib-dynload" type="simple" />
            <root url="file:///Library/Python/2.7/site-packages" type="simple" />
            <root url="file:///System/Library/Frameworks/Python.framework/Versions/2.7/Extras/lib/python" type="simple" />
            <root url="file:///System/Library/Frameworks/Python.framework/Versions/2.7/Extras/lib/python/PyObjC" type="simple" />
            <root url="file://$USER_HOME$/Library/Caches/IntelliJIdea2019.1/python_stubs/-1247972723" type="simple" />
            <root url="file://$APPLICATION_PLUGINS_DIR$/python/helpers/python-skeletons" type="simple" />
            <root url="file://$APPLICATION_PLUGINS_DIR$/python/helpers/typeshed/stdlib/2" type="simple" />
            <root url="file://$APPLICATION_PLUGINS_DIR$/python/helpers/typeshed/stdlib/2and3" type="simple" />
            <root url="file://$APPLICATION_PLUGINS_DIR$/python/helpers/typeshed/third_party/2" type="simple" />
            <root url="file://$APPLICATION_PLUGINS_DIR$/python/helpers/typeshed/third_party/2and3" type="simple" />
          </root>
        </classPath>
        <javadocPath>
          <root type="composite" />
        </javadocPath>
        <sourcePath>
          <root type="composite" />
        </sourcePath>
      </roots>
      <additional />
    </jdk>
    <jdk version="2">
      <name value="Python 3.7" />
      <type value="Python SDK" />
      <version value="Python 3.7.9" />
      <homePath value="/usr/local/opt/python@3.7/bin/python3.7" />
      <roots>
        <annotationsPath>
          <root type="composite" />
        </annotationsPath>
        <classPath>
          <root type="composite">
            <root url="file:///usr/local/Cellar/python@3.7/3.7.9_2/Frameworks/Python.framework/Versions/3.7/lib/python3.7" type="simple" />
            <root url="file:///usr/local/Cellar/python@3.7/3.7.9_2/Frameworks/Python.framework/Versions/3.7/lib/python3.7/lib-dynload" type="simple" />
            <root url="file:///usr/local/lib/python3.7/site-packages" type="simple" />
            <root url="file://$USER_HOME$/Library/Caches/JetBrains/IntelliJIdea2020.2/python_stubs/-303696597" type="simple" />
            <root url="file://$APPLICATION_PLUGINS_DIR$/python/helpers/python-skeletons" type="simple" />
            <root url="file://$APPLICATION_PLUGINS_DIR$/python/helpers/typeshed/stdlib/3.7" type="simple" />
            <root url="file://$APPLICATION_PLUGINS_DIR$/python/helpers/typeshed/stdlib/3" type="simple" />
            <root url="file://$APPLICATION_PLUGINS_DIR$/python/helpers/typeshed/stdlib/2and3" type="simple" />
            <root url="file://$APPLICATION_PLUGINS_DIR$/python/helpers/typeshed/third_party/3" type="simple" />
            <root url="file://$APPLICATION_PLUGINS_DIR$/python/helpers/typeshed/third_party/2and3" type="simple" />
          </root>
        </classPath>
        <javadocPath>
          <root type="composite" />
        </javadocPath>
        <sourcePath>
          <root type="composite" />
        </sourcePath>
      </roots>
      <additional />
    </jdk>
    <jdk version="2">
      <name value="adopt-openjdk-11" />
      <type value="JavaSDK" />
      <version value="version 11.0.11" />
      <homePath value="$USER_HOME$/.jdks/adopt-openjdk-11.0.11" />
      <roots>
        <annotationsPath>
          <root type="composite">
            <root url="jar://$APPLICATION_HOME_DIR$/plugins/java/lib/jdkAnnotations.jar!/" type="simple" />
          </root>
        </annotationsPath>
        <classPath>
          <root type="composite">
            <root url="jrt:///home/barnab/.jdks/adopt-openjdk-11.0.11!/java.base" type="simple" />
            <root url="jrt:///home/barnab/.jdks/adopt-openjdk-11.0.11!/java.compiler" type="simple" />
            <root url="jrt:///home/barnab/.jdks/adopt-openjdk-11.0.11!/java.datatransfer" type="simple" />
            <root url="jrt:///home/barnab/.jdks/adopt-openjdk-11.0.11!/java.desktop" type="simple" />
            <root url="jrt:///home/barnab/.jdks/adopt-openjdk-11.0.11!/java.instrument" type="simple" />
            <root url="jrt:///home/barnab/.jdks/adopt-openjdk-11.0.11!/java.logging" type="simple" />
            <root url="jrt:///home/barnab/.jdks/adopt-openjdk-11.0.11!/java.management" type="simple" />
            <root url="jrt:///home/barnab/.jdks/adopt-openjdk-11.0.11!/java.management.rmi" type="simple" />
            <root url="jrt:///home/barnab/.jdks/adopt-openjdk-11.0.11!/java.naming" type="simple" />
            <root url="jrt:///home/barnab/.jdks/adopt-openjdk-11.0.11!/java.net.http" type="simple" />
            <root url="jrt:///home/barnab/.jdks/adopt-openjdk-11.0.11!/java.prefs" type="simple" />
            <root url="jrt:///home/barnab/.jdks/adopt-openjdk-11.0.11!/java.rmi" type="simple" />
            <root url="jrt:///home/barnab/.jdks/adopt-openjdk-11.0.11!/java.scripting" type="simple" />
            <root url="jrt:///home/barnab/.jdks/adopt-openjdk-11.0.11!/java.se" type="simple" />
            <root url="jrt:///home/barnab/.jdks/adopt-openjdk-11.0.11!/java.security.jgss" type="simple" />
            <root url="jrt:///home/barnab/.jdks/adopt-openjdk-11.0.11!/java.security.sasl" type="simple" />
            <root url="jrt:///home/barnab/.jdks/adopt-openjdk-11.0.11!/java.smartcardio" type="simple" />
            <root url="jrt:///home/barnab/.jdks/adopt-openjdk-11.0.11!/java.sql" type="simple" />
            <root url="jrt:///home/barnab/.jdks/adopt-openjdk-11.0.11!/java.sql.rowset" type="simple" />
            <root url="jrt:///home/barnab/.jdks/adopt-openjdk-11.0.11!/java.transaction.xa" type="simple" />
            <root url="jrt:///home/barnab/.jdks/adopt-openjdk-11.0.11!/java.xml" type="simple" />
            <root url="jrt:///home/barnab/.jdks/adopt-openjdk-11.0.11!/java.xml.crypto" type="simple" />
            <root url="jrt:///home/barnab/.jdks/adopt-openjdk-11.0.11!/jdk.accessibility" type="simple" />
            <root url="jrt:///home/barnab/.jdks/adopt-openjdk-11.0.11!/jdk.aot" type="simple" />
            <root url="jrt:///home/barnab/.jdks/adopt-openjdk-11.0.11!/jdk.attach" type="simple" />
            <root url="jrt:///home/barnab/.jdks/adopt-openjdk-11.0.11!/jdk.charsets" type="simple" />
            <root url="jrt:///home/barnab/.jdks/adopt-openjdk-11.0.11!/jdk.compiler" type="simple" />
            <root url="jrt:///home/barnab/.jdks/adopt-openjdk-11.0.11!/jdk.crypto.cryptoki" type="simple" />
            <root url="jrt:///home/barnab/.jdks/adopt-openjdk-11.0.11!/jdk.crypto.ec" type="simple" />
            <root url="jrt:///home/barnab/.jdks/adopt-openjdk-11.0.11!/jdk.dynalink" type="simple" />
            <root url="jrt:///home/barnab/.jdks/adopt-openjdk-11.0.11!/jdk.editpad" type="simple" />
            <root url="jrt:///home/barnab/.jdks/adopt-openjdk-11.0.11!/jdk.hotspot.agent" type="simple" />
            <root url="jrt:///home/barnab/.jdks/adopt-openjdk-11.0.11!/jdk.httpserver" type="simple" />
            <root url="jrt:///home/barnab/.jdks/adopt-openjdk-11.0.11!/jdk.internal.ed" type="simple" />
            <root url="jrt:///home/barnab/.jdks/adopt-openjdk-11.0.11!/jdk.internal.jvmstat" type="simple" />
            <root url="jrt:///home/barnab/.jdks/adopt-openjdk-11.0.11!/jdk.internal.le" type="simple" />
            <root url="jrt:///home/barnab/.jdks/adopt-openjdk-11.0.11!/jdk.internal.opt" type="simple" />
            <root url="jrt:///home/barnab/.jdks/adopt-openjdk-11.0.11!/jdk.internal.vm.ci" type="simple" />
            <root url="jrt:///home/barnab/.jdks/adopt-openjdk-11.0.11!/jdk.internal.vm.compiler" type="simple" />
            <root url="jrt:///home/barnab/.jdks/adopt-openjdk-11.0.11!/jdk.internal.vm.compiler.management" type="simple" />
            <root url="jrt:///home/barnab/.jdks/adopt-openjdk-11.0.11!/jdk.jartool" type="simple" />
            <root url="jrt:///home/barnab/.jdks/adopt-openjdk-11.0.11!/jdk.javadoc" type="simple" />
            <root url="jrt:///home/barnab/.jdks/adopt-openjdk-11.0.11!/jdk.jcmd" type="simple" />
            <root url="jrt:///home/barnab/.jdks/adopt-openjdk-11.0.11!/jdk.jconsole" type="simple" />
            <root url="jrt:///home/barnab/.jdks/adopt-openjdk-11.0.11!/jdk.jdeps" type="simple" />
            <root url="jrt:///home/barnab/.jdks/adopt-openjdk-11.0.11!/jdk.jdi" type="simple" />
            <root url="jrt:///home/barnab/.jdks/adopt-openjdk-11.0.11!/jdk.jdwp.agent" type="simple" />
            <root url="jrt:///home/barnab/.jdks/adopt-openjdk-11.0.11!/jdk.jfr" type="simple" />
            <root url="jrt:///home/barnab/.jdks/adopt-openjdk-11.0.11!/jdk.jlink" type="simple" />
            <root url="jrt:///home/barnab/.jdks/adopt-openjdk-11.0.11!/jdk.jshell" type="simple" />
            <root url="jrt:///home/barnab/.jdks/adopt-openjdk-11.0.11!/jdk.jsobject" type="simple" />
            <root url="jrt:///home/barnab/.jdks/adopt-openjdk-11.0.11!/jdk.jstatd" type="simple" />
            <root url="jrt:///home/barnab/.jdks/adopt-openjdk-11.0.11!/jdk.localedata" type="simple" />
            <root url="jrt:///home/barnab/.jdks/adopt-openjdk-11.0.11!/jdk.management" type="simple" />
            <root url="jrt:///home/barnab/.jdks/adopt-openjdk-11.0.11!/jdk.management.agent" type="simple" />
            <root url="jrt:///home/barnab/.jdks/adopt-openjdk-11.0.11!/jdk.management.jfr" type="simple" />
            <root url="jrt:///home/barnab/.jdks/adopt-openjdk-11.0.11!/jdk.naming.dns" type="simple" />
            <root url="jrt:///home/barnab/.jdks/adopt-openjdk-11.0.11!/jdk.naming.ldap" type="simple" />
            <root url="jrt:///home/barnab/.jdks/adopt-openjdk-11.0.11!/jdk.naming.rmi" type="simple" />
            <root url="jrt:///home/barnab/.jdks/adopt-openjdk-11.0.11!/jdk.net" type="simple" />
            <root url="jrt:///home/barnab/.jdks/adopt-openjdk-11.0.11!/jdk.pack" type="simple" />
            <root url="jrt:///home/barnab/.jdks/adopt-openjdk-11.0.11!/jdk.rmic" type="simple" />
            <root url="jrt:///home/barnab/.jdks/adopt-openjdk-11.0.11!/jdk.scripting.nashorn" type="simple" />
            <root url="jrt:///home/barnab/.jdks/adopt-openjdk-11.0.11!/jdk.scripting.nashorn.shell" type="simple" />
            <root url="jrt:///home/barnab/.jdks/adopt-openjdk-11.0.11!/jdk.sctp" type="simple" />
            <root url="jrt:///home/barnab/.jdks/adopt-openjdk-11.0.11!/jdk.security.auth" type="simple" />
            <root url="jrt:///home/barnab/.jdks/adopt-openjdk-11.0.11!/jdk.security.jgss" type="simple" />
            <root url="jrt:///home/barnab/.jdks/adopt-openjdk-11.0.11!/jdk.unsupported" type="simple" />
            <root url="jrt:///home/barnab/.jdks/adopt-openjdk-11.0.11!/jdk.unsupported.desktop" type="simple" />
            <root url="jrt:///home/barnab/.jdks/adopt-openjdk-11.0.11!/jdk.xml.dom" type="simple" />
            <root url="jrt:///home/barnab/.jdks/adopt-openjdk-11.0.11!/jdk.zipfs" type="simple" />
          </root>
        </classPath>
        <javadocPath>
          <root type="composite" />
        </javadocPath>
        <sourcePath>
          <root type="composite">
            <root url="jar://$USER_HOME$/.jdks/adopt-openjdk-11.0.11/lib/src.zip!/java.se" type="simple" />
            <root url="jar://$USER_HOME$/.jdks/adopt-openjdk-11.0.11/lib/src.zip!/jdk.aot" type="simple" />
            <root url="jar://$USER_HOME$/.jdks/adopt-openjdk-11.0.11/lib/src.zip!/jdk.jdi" type="simple" />
            <root url="jar://$USER_HOME$/.jdks/adopt-openjdk-11.0.11/lib/src.zip!/jdk.jfr" type="simple" />
            <root url="jar://$USER_HOME$/.jdks/adopt-openjdk-11.0.11/lib/src.zip!/jdk.net" type="simple" />
            <root url="jar://$USER_HOME$/.jdks/adopt-openjdk-11.0.11/lib/src.zip!/java.rmi" type="simple" />
            <root url="jar://$USER_HOME$/.jdks/adopt-openjdk-11.0.11/lib/src.zip!/java.sql" type="simple" />
            <root url="jar://$USER_HOME$/.jdks/adopt-openjdk-11.0.11/lib/src.zip!/java.xml" type="simple" />
            <root url="jar://$USER_HOME$/.jdks/adopt-openjdk-11.0.11/lib/src.zip!/jdk.jcmd" type="simple" />
            <root url="jar://$USER_HOME$/.jdks/adopt-openjdk-11.0.11/lib/src.zip!/jdk.pack" type="simple" />
            <root url="jar://$USER_HOME$/.jdks/adopt-openjdk-11.0.11/lib/src.zip!/jdk.rmic" type="simple" />
            <root url="jar://$USER_HOME$/.jdks/adopt-openjdk-11.0.11/lib/src.zip!/jdk.sctp" type="simple" />
            <root url="jar://$USER_HOME$/.jdks/adopt-openjdk-11.0.11/lib/src.zip!/java.base" type="simple" />
            <root url="jar://$USER_HOME$/.jdks/adopt-openjdk-11.0.11/lib/src.zip!/jdk.jdeps" type="simple" />
            <root url="jar://$USER_HOME$/.jdks/adopt-openjdk-11.0.11/lib/src.zip!/jdk.jlink" type="simple" />
            <root url="jar://$USER_HOME$/.jdks/adopt-openjdk-11.0.11/lib/src.zip!/jdk.zipfs" type="simple" />
            <root url="jar://$USER_HOME$/.jdks/adopt-openjdk-11.0.11/lib/src.zip!/java.prefs" type="simple" />
            <root url="jar://$USER_HOME$/.jdks/adopt-openjdk-11.0.11/lib/src.zip!/jdk.attach" type="simple" />
            <root url="jar://$USER_HOME$/.jdks/adopt-openjdk-11.0.11/lib/src.zip!/jdk.jshell" type="simple" />
            <root url="jar://$USER_HOME$/.jdks/adopt-openjdk-11.0.11/lib/src.zip!/jdk.jstatd" type="simple" />
            <root url="jar://$USER_HOME$/.jdks/adopt-openjdk-11.0.11/lib/src.zip!/java.naming" type="simple" />
            <root url="jar://$USER_HOME$/.jdks/adopt-openjdk-11.0.11/lib/src.zip!/jdk.editpad" type="simple" />
            <root url="jar://$USER_HOME$/.jdks/adopt-openjdk-11.0.11/lib/src.zip!/jdk.jartool" type="simple" />
            <root url="jar://$USER_HOME$/.jdks/adopt-openjdk-11.0.11/lib/src.zip!/jdk.javadoc" type="simple" />
            <root url="jar://$USER_HOME$/.jdks/adopt-openjdk-11.0.11/lib/src.zip!/jdk.xml.dom" type="simple" />
            <root url="jar://$USER_HOME$/.jdks/adopt-openjdk-11.0.11/lib/src.zip!/java.desktop" type="simple" />
            <root url="jar://$USER_HOME$/.jdks/adopt-openjdk-11.0.11/lib/src.zip!/java.logging" type="simple" />
            <root url="jar://$USER_HOME$/.jdks/adopt-openjdk-11.0.11/lib/src.zip!/jdk.charsets" type="simple" />
            <root url="jar://$USER_HOME$/.jdks/adopt-openjdk-11.0.11/lib/src.zip!/jdk.compiler" type="simple" />
            <root url="jar://$USER_HOME$/.jdks/adopt-openjdk-11.0.11/lib/src.zip!/jdk.dynalink" type="simple" />
            <root url="jar://$USER_HOME$/.jdks/adopt-openjdk-11.0.11/lib/src.zip!/jdk.jconsole" type="simple" />
            <root url="jar://$USER_HOME$/.jdks/adopt-openjdk-11.0.11/lib/src.zip!/jdk.jsobject" type="simple" />
            <root url="jar://$USER_HOME$/.jdks/adopt-openjdk-11.0.11/lib/src.zip!/java.compiler" type="simple" />
            <root url="jar://$USER_HOME$/.jdks/adopt-openjdk-11.0.11/lib/src.zip!/java.net.http" type="simple" />
            <root url="jar://$USER_HOME$/.jdks/adopt-openjdk-11.0.11/lib/src.zip!/jdk.crypto.ec" type="simple" />
            <root url="jar://$USER_HOME$/.jdks/adopt-openjdk-11.0.11/lib/src.zip!/java.scripting" type="simple" />
            <root url="jar://$USER_HOME$/.jdks/adopt-openjdk-11.0.11/lib/src.zip!/jdk.httpserver" type="simple" />
            <root url="jar://$USER_HOME$/.jdks/adopt-openjdk-11.0.11/lib/src.zip!/jdk.jdwp.agent" type="simple" />
            <root url="jar://$USER_HOME$/.jdks/adopt-openjdk-11.0.11/lib/src.zip!/jdk.localedata" type="simple" />
            <root url="jar://$USER_HOME$/.jdks/adopt-openjdk-11.0.11/lib/src.zip!/jdk.management" type="simple" />
            <root url="jar://$USER_HOME$/.jdks/adopt-openjdk-11.0.11/lib/src.zip!/jdk.naming.dns" type="simple" />
            <root url="jar://$USER_HOME$/.jdks/adopt-openjdk-11.0.11/lib/src.zip!/jdk.naming.rmi" type="simple" />
            <root url="jar://$USER_HOME$/.jdks/adopt-openjdk-11.0.11/lib/src.zip!/java.instrument" type="simple" />
            <root url="jar://$USER_HOME$/.jdks/adopt-openjdk-11.0.11/lib/src.zip!/java.management" type="simple" />
            <root url="jar://$USER_HOME$/.jdks/adopt-openjdk-11.0.11/lib/src.zip!/java.sql.rowset" type="simple" />
            <root url="jar://$USER_HOME$/.jdks/adopt-openjdk-11.0.11/lib/src.zip!/java.xml.crypto" type="simple" />
            <root url="jar://$USER_HOME$/.jdks/adopt-openjdk-11.0.11/lib/src.zip!/jdk.internal.ed" type="simple" />
            <root url="jar://$USER_HOME$/.jdks/adopt-openjdk-11.0.11/lib/src.zip!/jdk.internal.le" type="simple" />
            <root url="jar://$USER_HOME$/.jdks/adopt-openjdk-11.0.11/lib/src.zip!/jdk.naming.ldap" type="simple" />
            <root url="jar://$USER_HOME$/.jdks/adopt-openjdk-11.0.11/lib/src.zip!/jdk.unsupported" type="simple" />
            <root url="jar://$USER_HOME$/.jdks/adopt-openjdk-11.0.11/lib/src.zip!/java.smartcardio" type="simple" />
            <root url="jar://$USER_HOME$/.jdks/adopt-openjdk-11.0.11/lib/src.zip!/jdk.internal.opt" type="simple" />
            <root url="jar://$USER_HOME$/.jdks/adopt-openjdk-11.0.11/lib/src.zip!/java.datatransfer" type="simple" />
            <root url="jar://$USER_HOME$/.jdks/adopt-openjdk-11.0.11/lib/src.zip!/jdk.accessibility" type="simple" />
            <root url="jar://$USER_HOME$/.jdks/adopt-openjdk-11.0.11/lib/src.zip!/jdk.hotspot.agent" type="simple" />
            <root url="jar://$USER_HOME$/.jdks/adopt-openjdk-11.0.11/lib/src.zip!/jdk.security.auth" type="simple" />
            <root url="jar://$USER_HOME$/.jdks/adopt-openjdk-11.0.11/lib/src.zip!/jdk.security.jgss" type="simple" />
            <root url="jar://$USER_HOME$/.jdks/adopt-openjdk-11.0.11/lib/src.zip!/java.security.jgss" type="simple" />
            <root url="jar://$USER_HOME$/.jdks/adopt-openjdk-11.0.11/lib/src.zip!/java.security.sasl" type="simple" />
            <root url="jar://$USER_HOME$/.jdks/adopt-openjdk-11.0.11/lib/src.zip!/jdk.internal.vm.ci" type="simple" />
            <root url="jar://$USER_HOME$/.jdks/adopt-openjdk-11.0.11/lib/src.zip!/jdk.management.jfr" type="simple" />
            <root url="jar://$USER_HOME$/.jdks/adopt-openjdk-11.0.11/lib/src.zip!/java.management.rmi" type="simple" />
            <root url="jar://$USER_HOME$/.jdks/adopt-openjdk-11.0.11/lib/src.zip!/java.transaction.xa" type="simple" />
            <root url="jar://$USER_HOME$/.jdks/adopt-openjdk-11.0.11/lib/src.zip!/jdk.crypto.cryptoki" type="simple" />
            <root url="jar://$USER_HOME$/.jdks/adopt-openjdk-11.0.11/lib/src.zip!/jdk.internal.jvmstat" type="simple" />
            <root url="jar://$USER_HOME$/.jdks/adopt-openjdk-11.0.11/lib/src.zip!/jdk.management.agent" type="simple" />
            <root url="jar://$USER_HOME$/.jdks/adopt-openjdk-11.0.11/lib/src.zip!/jdk.scripting.nashorn" type="simple" />
            <root url="jar://$USER_HOME$/.jdks/adopt-openjdk-11.0.11/lib/src.zip!/jdk.unsupported.desktop" type="simple" />
            <root url="jar://$USER_HOME$/.jdks/adopt-openjdk-11.0.11/lib/src.zip!/jdk.internal.vm.compiler" type="simple" />
            <root url="jar://$USER_HOME$/.jdks/adopt-openjdk-11.0.11/lib/src.zip!/jdk.scripting.nashorn.shell" type="simple" />
            <root url="jar://$USER_HOME$/.jdks/adopt-openjdk-11.0.11/lib/src.zip!/jdk.internal.vm.compiler.management" type="simple" />
          </root>
        </sourcePath>
      </roots>
      <additional />
    </jdk>
  </component>
</application>