<application>
  <component name="ProjectManager">
    <defaultProject>
      <component name="DefaultGradleProjectSettings">
        <option name="testRunner" value="GRADLE" />
        <option name="delegatedBuild" value="true" />
      </component>
      <component name="GradleLocalSettings">
        <option name="projectSyncType">
          <map>
            <entry key="$USER_HOME$/IdeaProjects/cracking_the_coding_interview" value="PREVIEW" />
          </map>
        </option>
      </component>
      <component name="HaskellBuildOptions">
        <ghcPath>/usr/local/bin/ghc</ghcPath>
        <cabalPath>/usr/local/bin/cabal</cabalPath>
        <stackPath>/usr/local/bin/stack</stackPath>
      </component>
      <component name="MavenImportPreferences">
        <option name="generalSettings">
          <MavenGeneralSettings>
            <option name="mavenHome" value="$APPLICATION_HOME_DIR$/plugins/maven/lib/maven3" />
          </MavenGeneralSettings>
        </option>
      </component>
      <component name="NodePackageJsonFileManager">
        <packageJsonPaths />
      </component>
      <component name="PropertiesComponent">
        <property name="nodejs_interpreter_path.stuck_in_default_project" value="/usr/local/bin/node" />
        <property name="nodejs_npm_path_reset_for_default_project" value="true" />
        <property name="settings.editor.selected.configurable" value="preferences.keymap" />
      </component>
      <component name="SbtLocalSettings">
        <option name="projectSyncType">
          <map>
            <entry key="$USER_HOME$/IdeaProjects/quickcheck" value="PREVIEW" />
            <entry key="$USER_HOME$/IdeaProjects/reductions" value="PREVIEW" />
            <entry key="$USER_HOME$/IdeaProjects/scalashop" value="PREVIEW" />
          </map>
        </option>
      </component>
      <component name="ScalaSbtSettings">
        <option name="customVMPath" />
      </component>
    </defaultProject>
  </component>
</application>