<keymap version="1" name="Eclipse (Mac OS X) copy" parent="Eclipse (Mac OS X)">
  <action id="$Redo">
    <keyboard-shortcut first-keystroke="meta y" />
  </action>
  <action id="CommentByLineComment">
    <keyboard-shortcut first-keystroke="shift meta c" />
  </action>
  <action id="Console.Execute.Multiline" />
  <action id="Console.Jdbc.Execute" />
  <action id="CopyPaths" />
  <action id="DatabaseView.CopyDdlAction">
    <keyboard-shortcut first-keystroke="shift meta alt g" />
  </action>
  <action id="DirDiffMenu.SynchronizeDiff.All" />
  <action id="Editor Redo">
    <keyboard-shortcut first-keystroke="meta y" />
  </action>
  <action id="EditorDuplicateLines">
    <keyboard-shortcut first-keystroke="shift meta l" />
  </action>
  <action id="EditorSplitLine" />
  <action id="GotoFile" />
  <action id="GotoImplementation">
    <keyboard-shortcut first-keystroke="meta t" />
  </action>
  <action id="GotoSuperMethod">
    <keyboard-shortcut first-keystroke="f3" />
  </action>
  <action id="Groovy.Shell.Execute" />
  <action id="KotlinShellExecute" />
  <action id="QuickImplementations">
    <keyboard-shortcut first-keystroke="alt space" />
  </action>
  <action id="RenameElement">
    <keyboard-shortcut first-keystroke="shift alt r" />
  </action>
  <action id="RenameFile">
    <keyboard-shortcut first-keystroke="shift alt r" />
  </action>
  <action id="Replace">
    <keyboard-shortcut first-keystroke="meta f" />
  </action>
  <action id="RerunTests">
    <keyboard-shortcut first-keystroke="ctrl meta r" />
  </action>
  <action id="Scala.ShowImplicits">
    <keyboard-shortcut first-keystroke="shift ctrl alt equals" />
    <keyboard-shortcut first-keystroke="shift ctrl alt add" />
  </action>
  <action id="ScalaConsole.Execute" />
  <action id="ShowBookmarks" />
  <action id="ShowIntentionActions">
    <keyboard-shortcut first-keystroke="meta enter" />
  </action>
  <action id="ShowUsages">
    <keyboard-shortcut first-keystroke="meta f3" />
  </action>
  <action id="TodoViewGroupByFlattenPackage" />
  <action id="ViewSource" />
</keymap>