<keymap version="1" name="Eclipse copy" parent="Eclipse">
  <action id="ChangesView.ShelveSilently" />
  <action id="CommentByBlockComment">
    <keyboard-shortcut first-keystroke="shift ctrl slash" />
    <keyboard-shortcut first-keystroke="shift ctrl b" />
  </action>
  <action id="CommentByLineComment">
    <keyboard-shortcut first-keystroke="ctrl slash" />
    <keyboard-shortcut first-keystroke="ctrl divide" />
    <keyboard-shortcut first-keystroke="shift ctrl c" />
  </action>
  <action id="CopyAbsolutePath" />
  <action id="CopyPaths" />
  <action id="DatabaseView.CopyDdlAction">
    <keyboard-shortcut first-keystroke="shift ctrl alt g" />
  </action>
  <action id="EditorDuplicate">
    <keyboard-shortcut first-keystroke="shift ctrl l" />
  </action>
  <action id="Find">
    <keyboard-shortcut first-keystroke="shift ctrl q" />
  </action>
  <action id="GuiDesigner.QuickJavadoc">
    <mouse-shortcut keystroke="alt button2" />
    <keyboard-shortcut first-keystroke="f2" />
  </action>
  <action id="Jdbc.OpenConsole.New" />
  <action id="Jdbc.OpenConsole.New.Generate" />
  <action id="MethodHierarchy" />
  <action id="MethodHierarchy.BaseOnThisMethod" />
  <action id="ParameterInfo">
    <keyboard-shortcut first-keystroke="shift ctrl space" />
  </action>
  <action id="QuickJavaDoc">
    <mouse-shortcut keystroke="alt button2" />
    <keyboard-shortcut first-keystroke="f2" />
  </action>
  <action id="RemoteHostView.CopyPaths" />
  <action id="ReplaceInPath">
    <keyboard-shortcut first-keystroke="shift ctrl h" />
  </action>
  <action id="Vcs.Log.ShowTooltip">
    <mouse-shortcut keystroke="alt button2" />
    <keyboard-shortcut first-keystroke="f2" />
  </action>
  <action id="WelcomeScreen.CopyProjectPath" />
</keymap>